NO. ,DOI Number,Author,Publication Date,Chemical Formula,Material,Metal,A Cation,ETL,Substrate,Solvent,Full Device,Perovskite Thickness (nm),Temperature Fabrication,Relative Humidity,Bandgap,Open-Circuit Voltage (Voc),Short-Circuit Current Density (Jsc),Fill Factor (FF),PCE%
1,10.1021/jacs.5b11740,Quan et al.,3/2/2016,(PEA)MAPbI,Phenylethylammonium Methylammonium Lead Iodide - ((PEA)MAPbI),Au,(PEA); MA,TiO2-c,SLG | FTO,DMF,SLG | FTO | TiO2-c | Perovskite | Spiro-MeOTAD | Au,200,100,30,1.66,1.16,18.66,0.644,13.89
2,10.1021/jacs.5b11740,Quan et al.,03/02/2016,(PEA)MAPbI,Phenylethylammonium Methylammonium Lead Iodide,Au,(PEA); MA,TiO2-c,SLG | FTO,DMF,SLG | FTO | TiO2-c | Perovskite | Spiro-MeOTAD | Au,450,200,35,1.65,1.06,22.45,0.773,18.4
3,10.1021/jacs.5b11740,Quan et al.,03/02/2016,(TFEA)CsFAMAPbBrI,Tetrafluoroethylammonium Cesium Formamidinium Methylammonium Lead Bromide Iodide,Au,(TFEA); Cs; FA; MA,TiO2-c | TiO2-mp,SLG | FTO,DMF; DMSO,SLG | FTO | TiO2-c | TiO2-mp | Perovskite | Spiro-MeOTAD | Au,500,135,25,1.667,1.097,21.25,0.787,18.24
4,10.1039/c6ta09582h,Liao et al.,19/12/2016,BACsPbI,Butylammonium Cesium Lead Iodide - (BACsPbI),Au,BA; Cs,TiO2-np,SLG | FTO,DMSO,SLG | FTO | TiO2-np | Perovskite | Spiro-MeOTAD | Au,500,120,30,2.2,0.957,8.88,0.57,0.48
5,10.1039/c6ra28190g,Kulkarni et al.,31/01/2017,MABiI,Methylammonium Bismuth Iodide - (MABiI),Au,MA,TiO2-c | TiO2-mp,SLG | FTO,DMF,SLG | FTO | TiO2-c | TiO2-mp | Perovskite | Spiro-MeOTAD | Au,500,120,35,1.9,0.51,0.94,0.61,0.31
6,10.1039/c6ra28190g,Kulkarni et al.,31/01/2017,MABiI,Methylammonium Bismuth Iodide - (MABiI),Au,MA,TiO2-c | TiO2-mp,SLG | FTO,DMF,SLG | FTO | TiO2-c | TiO2-mp | Perovskite | Spiro-MeOTAD | Au,500,120,35,1.9,0.53,0.68,0.53,0.19
7,10.1002/aenm.201701038,Bai et al.,14/07/2017,(PEA)MAPbI,Phenylethylammonium Methylammonium Lead Iodide,Ag,(PEA); MA,PCBM-60 | P4N4,SLG | FTO,DMF; DMSO,SLG | FTO | NiO-c | Perovskite | PCBM-60 | PN4N | Ag,500,90,25,1.59,1.17,21.8,0.78,19.85
8,10.1021/acsami.7b07780,Koh et al.,11/08/2017,(CHMA)MAPbI,Cyclohexylmethylammonium Methylammonium Lead Iodide - ((CHMA)MAPbI),Au,(CHMA); MA,TiO2-c | TiO2-mp,SLG | FTO,DMF,SLG | FTO | TiO2-c | TiO2-mp | Perovskite | Spiro-MeOTAD | Au,500,190,30,1.63,0.761,12.46,0.586,5.55
9,10.1021/acsami.7b07780,Koh et al.,11/08/2017,(CHMA)MAPbI,Cyclohexylmethylammonium Methylammonium Lead Iodide - ((CHMA)MAPbI),Au,(CHMA); MA,TiO2-c | TiO2-mp,SLG | FTO,DMF,SLG | FTO | TiO2-c | TiO2-mp | Perovskite | Spiro-MeOTAD | Au,500,120,30,1.65,0.735,10.65,0.485,3.78
10,10.1039/c7ee01145h,Zhang et al.,15/08/2017,BACsMAPbI,Butylammonium Cesium Methylammonium Lead Iodide - (BACsMAPbI),Au,BA; Cs; MA,TiO2-c,SLG | FTO,DMF; DMSO,SLG | FTO | TiO2-c | Perovskite | Spiro-MeOTAD | Au,480,75,20,1.63,1.04,19,0.58,11.6
11,10.1039/c7ee01145h,Zhang et al.,15/08/2017,BAMAPbI,Butylammonium Methylammonium Lead Iodide - (BAMAPbI),Au,BA; MA,TiO2-c,SLG | FTO,DMF; DMSO,SLG | FTO | TiO2-c | Perovskite | Spiro-MeOTAD | Au,500,80,30,1.62,1.08,19.95,0.634,13.7
12,10.1039/c7ee01145h,Zhang et al.,15/08/2017,BACsMAPbI,Butylammonium Cesium Methylammonium Lead Iodide - (BACsMAPbI),Au,BA; Cs; MA,TiO2-c,SLG | FTO,DMF; DMSO,SLG | FTO | TiO2-c | Perovskite | Spiro-MeOTAD | Au,500,85,30,1.63,1.06,19.5,0.6,12.3
13,10.1039/c7ee01145h,Zhang et al.,15/08/2017,BACsMAPbI,Butylammonium Cesium Methylammonium Lead Iodide - (BACsMAPbI),Au,BA; Cs; MA,TiO2-c,SLG | FTO,DMF; DMSO,SLG | FTO | TiO2-c | Perovskite | Spiro-MeOTAD | Au,500,71,35,1.63,1.02,18.5,0.59,11.1
14,10.1039/c7ee01145h,Zhang et al.,15/08/2017,BAMAPbI,Butylammonium Methylammonium Lead Iodide - (BAMAPbI),Au,BA; MA,TiO2-c,SLG | FTO,DMF; DMSO,SLG | FTO | TiO2-c | Perovskite | Spiro-MeOTAD | Au,500,100,25,1.62,0.95,10,0.68,6.5
15,10.1039/c7ee01145h,Zhang et al.,15/08/2017,BAMAPbI,Butylammonium Methylammonium Lead Iodide - (BAMAPbI),Au,BA; MA,TiO2-c,SLG | FTO,DMF; DMSO,SLG | FTO | TiO2-c | Perovskite | Spiro-MeOTAD | Au,500,84,30,1.62,0.9,9,0.68,5.5
16,10.1002/solr.201700125,Ye et al.,19/10/2017,(PEA)MAPbI,Phenylethylammonium Methylammonium Lead Iodide,Au,(PEA); MA,TiO2-c,SLG | FTO,DMF,SLG | FTO | TiO2-c | Perovskite | Spiro-MeOTAD | Au,450,130,35,1.52,1.09,22.56,0.742,18.24
17,10.1002/solr.201700125,Ye et al.,19/10/2017,(TFEA)CsFAMAPbBrI,Tetrafluoroethylammonium Cesium Formamidinium Methylammonium Lead Bromide Iodide,Au,(TFEA); Cs; FA; MA,TiO2-c | TiO2-mp,SLG | FTO,DMF; DMSO,SLG | FTO | TiO2-c | TiO2-mp | Perovskite | Spiro-MeOTAD | Au,500,200,25,1.676,1.096,21.17,0.783,18.17
18,10.1039/c7qm00472a,Yan et al.,08/11/2017,BAFAPbI,Butylammonium Formamidinium Lead Iodide - (BAFAPbI),Ag,BA; FA,PCBM-60 | BCP,SLG | ITO,DMF,SLG | ITO | PEDOT:PSS | Perovskite | PCBM-60 | BCP | Ag,500,88,25,1.51,0.98,11.89,0.59,6.88
19,10.1021/jacs.7b11157,Zhou et al.,15/12/2017,BAMAPbI,Butylammonium Methylammonium Lead Iodide - (BAMAPbI),Au,BA; MA,TiO2-c,SLG | ITO,DMF,SLG | ITO | TiO2-c | Perovskite | Spiro-MeOTAD | Au,180,90,20,1.54,1.064,17.89,0.563,10.72
20,10.1021/jacs.7b11157,Zhou et al.,15/12/2017,BAFAMAPbI,Butylammonium Formamidinium Methylammonium Lead Iodide. - (BAFAMAPbI),Au,BA; FA; MA,TiO2-c,SLG | ITO,DMF,SLG | ITO | TiO2-c | Perovskite | Spiro-MeOTAD | Au,500,135,35,1.52,1.097,19.02,0.597,12.46
21,10.1021/acsenergylett.7b01196,Iagher et al.,05/01/2018,(PEA)MAPbI,Phenylethylammonium Methylammonium Lead Iodide - ((PEA)MAPbI),Au,(PEA); MA,TiO2-c | TiO2-mp,SLG | FTO,DMSO; GBL,SLG | FTO | TiO2-c | TiO2-mp | Perovskite | Spiro-MeOTAD | Au,200,100,30,1.68,0.85,23.1,0.563,11.06
22,10.1021/acsenergylett.7b01196,Iagher et al.,05/01/2018,(PEA)CsMAPbI,Phenylethylammonium Cesium Methylammonium Lead Iodide - ((PEA)CsMAPbI),Au,(PEA); Cs; MA,TiO2-c | TiO2-mp,SLG | FTO,DMSO; GBL,SLG | FTO | TiO2-c | TiO2-mp | Perovskite | Spiro-MeOTAD | Au,500,130,30,1.61,0.92,25.5,0.61,14.3
23,10.1021/acsenergylett.7b01196,Iagher et al.,05/01/2018,(CHMA)CsMAPbI,Cyclohexylmethylammonium Cesium Methylammonium Lead Iodide - ((CHMA)CsMAPbI),Au,(CHMA); Cs; MA,TiO2-c | TiO2-mp,SLG | FTO,DMSO; GBL,SLG | FTO | TiO2-c | TiO2-mp | Perovskite | Spiro-MeOTAD | Au,500,110,35,1.53,0.9,23.6,0.589,12.58
24,10.1021/acsenergylett.7b01196,Iagher et al.,05/01/2018,BAMAPbI,Butylammonium Methylammonium Lead Iodide - (BAMAPbI),Au,BA; MA,TiO2-c | TiO2-mp,SLG | FTO,DMSO; GBL,SLG | FTO | TiO2-c | TiO2-mp | Perovskite | Spiro-MeOTAD | Au,500,127,15,1.57,0.9,22.7,0.578,11.89
25,10.1021/acsenergylett.7b01196,Iagher et al.,05/01/2018,(CHMA)MAPbI,Cyclohexylmethylammonium Methylammonium Lead Iodide - ((CHMA)MAPbI),Au,(CHMA); MA,TiO2-c | TiO2-mp,SLG | FTO,DMSO; GBL,SLG | FTO | TiO2-c | TiO2-mp | Perovskite | Spiro-MeOTAD | Au,500,170,30,1.78,0.86,21.6,0.618,11.54
26,10.1021/acsenergylett.7b01196,Iagher et al.,05/01/2018,BACsMAPbI,Butylammonium Cesium Methylammonium Lead Iodide - (BACsMAPbI),Au,BA; Cs; MA,TiO2-c | TiO2-mp,SLG | FTO,DMSO; GBL,SLG | FTO | TiO2-c | TiO2-mp | Perovskite | Spiro-MeOTAD | Au,500,120,25,1.68,0.93,22.4,0.525,11
27,10.1002/aenm.201702498,Zhang et al.,30/01/2018,(PEA)CsPbI,Phenethylammonium cesium lead iodide - ((PEA)CsPbI),Au,(PEA); Cs,SnO2-np,SLG | ITO,DMSO,SLG | ITO | SnO2-np | Perovskite | Spiro-MeOTAD | Au,500,126,35,1.73,1.05,15.97,0.65,10.9
28,10.1002/solr.201700215,Thrithamarassery Gangadharan et al.,06/02/2018,(PEA)MAPbI,Phenylethylammonium Methylammonium Lead Iodide - ((PEA)MAPbI),Ag,(PEA); MA,PCBM-60,SLG | ITO,DMF,SLG | ITO | PEDOT:PSS | Perovskite | PCBM-60 | Ag,500,85,25,1.64,1.02,9.64,0.565,5.5
29,10.1002/aenm.201800051,Zheng et al.,17/04/2018,BEFAPbI,Benzylammonium Ethylammonium Formamidinium Lead Iodide - (BEFAPbI),Au,BE; FA,TiO2-c | TiO2-mp,SLG | FTO,DMF,SLG | FTO | TiO2-c | TiO2-mp | Perovskite | Spiro-MeOTAD | Au,200,100,30,1.62,1.09,21.89,0.73,17.4
30,10.1002/aenm.201800051,Zheng et al.,17/04/2018,BUFAPbI,Butylammonium Formamidinium Lead Iodide - (BUFAPbI),Au,BU; FA,TiO2-c | TiO2-mp,SLG | FTO,DMF,SLG | FTO | TiO2-c | TiO2-mp | Perovskite | Spiro-MeOTAD | Au,200,100,30,1.54,0.95,17.85,0.69,11.71
31,10.1002/aenm.201800051,Zheng et al.,17/04/2018,DIFAPbI,Diformamidinium Lead Iodide - (DIFAPbI),Au,DI; FA,TiO2-c | TiO2-mp,SLG | FTO,DMF,SLG | FTO | TiO2-c | TiO2-mp | Perovskite | Spiro-MeOTAD | Au,430,130,20,1.56,1.03,20.7,0.71,15.02
32,10.1002/adma.201800710,Ma et al.,17/04/2018,(PDA)MAPbI,Phenylalaninammonium methylammonium lead iodide - ((PDA)MAPbI),Ag,(PDA); MA,C60 | BCP,SLG | ITO,DMF,SLG | ITO | PEDOT:PSS | Perovskite | C60 | BCP | Ag,500,210,35,1.64,0.98,18,0.731,12.9
33,10.1002/adma.201800710,Ma et al.,17/04/2018,(PDA)MAPbI,Phenylalaninammonium methylammonium lead iodide - ((PDA)MAPbI),Ag,(PDA); MA,C60 | BCP,SLG | ITO,DMF,SLG | ITO | PEDOT:PSS | Perovskite | C60 | BCP | Ag,500,230,30,1.45,0.98,18,0.731,12.9
34,10.1002/adma.201800710,Ma et al.,17/04/2018,BAMAPbI,Butylammonium Methylammonium Lead Iodide - (BAMAPbI),Ag,BA; MA,C60 | BCP,SLG | ITO,DMF,SLG | ITO | PEDOT:PSS | Perovskite | C60 | BCP | Ag,500,205,30,1.63,0.98,15.7,0.662,10.3
35,10.1002/adma.201800710,Ma et al.,17/04/2018,BAMAPbI,Butylammonium Methylammonium Lead Iodide - (BAMAPbI),Ag,BA; MA,C60 | BCP,SLG | ITO,DMF,SLG | ITO | PEDOT:PSS | Perovskite | C60 | BCP | Ag,500,150,35,1.48,0.98,15.7,0.662,10.3
36,10.1002/aenm.201800185,Qing et al.,09/05/2018,(PEA)CsFAPbI,Phenylethylammonium Cesium Formamidinium Lead Iodide - ((PEA)CsFAPbI),Ag,(PEA); Cs; FA,PCBM-60 | BCP,SLG | ITO,DMF; DMSO,SLG | ITO | PEDOT:PSS | Perovskite | PCBM-60 | BCP | Ag,500,90,30,1.7,1.04,16.3,0.72,12.1
37,10.1016/j.joule.2018.05.004,Jiang et al.,01/06/2018,(PEA)CsPbI,Phenethylammonium cesium lead iodide - ((PEA)CsPbI),Au,(PEA); Cs,SnO2-np,SLG | ITO,DMSO,SLG | ITO | SnO2-np | Perovskite | Spiro-MeOTAD | Au,200,100,30,1.73,1.07,16.59,0.7,12.2
38,10.1016/j.joule.2018.05.004,Jiang et al.,01/06/2018,(PEA)CsPbBr,Phenylethylammonium Cesium Lead Bromide - ((PEA)CsPbBr),Au,(PEA); Cs,SnO2-np,SLG | ITO,DMSO,SLG | ITO | SnO2-np | Perovskite | Spiro-MeOTAD | Au,215,105,20,1.74,1.26,7.46,0.69,6.5
39,10.1016/j.joule.2018.05.004,Jiang et al.,01/06/2018,(PEA)CsPbBrI,Phenylethylammonium Cesium Lead Bromide Iodide - ((PEA)CsPbBrI),Au,(PEA); Cs,SnO2-np,SLG | ITO,DMSO,SLG | ITO | SnO2-np | Perovskite | Spiro-MeOTAD | Au,300,110,35,1.59,1.11,14.8,0.73,11.9
40,10.1016/j.joule.2018.05.004,Jiang et al.,01/06/2018,(PEA)CsPbI,Phenethylammonium cesium lead iodide - ((PEA)CsPbI),Au,(PEA); Cs,SnO2-np,SLG | ITO,DMSO,SLG | ITO | SnO2-np | Perovskite | Spiro-MeOTAD | Au,300,110,20,1.73,1.1,13.95,0.58,8.9
41,10.1016/j.joule.2018.05.004,Jiang et al.,01/06/2018,(PEA)CsPbI,Phenethylammonium cesium lead iodide - ((PEA)CsPbI),Au,(PEA); Cs,SnO2-np,SLG | ITO,DMSO,SLG | ITO | SnO2-np | Perovskite | Spiro-MeOTAD | Au,500,110,35,1.73,1.06,16.19,0.68,11.6
42,10.1016/j.joule.2018.05.004,Jiang et al.,01/06/2018,(PEA)CsPbI,Phenethylammonium cesium lead iodide - ((PEA)CsPbI),Au,(PEA); Cs,SnO2-np,SLG | ITO,DMSO,SLG | ITO | SnO2-np | Perovskite | Spiro-MeOTAD | Au,500,110,15,1.73,1.07,16.25,0.65,11.3
43,10.1016/j.joule.2018.05.004,Jiang et al.,1/6/2018,(PEA)MAPbI,Phenylethylammonium Methylammonium Lead Iodide - ((PEA)MAPbI),Ag,(PEA); MA,PCBM-60 | BCP,SLG | ITO,DMF,SLG | ITO | PEDOT:PSS | Perovskite | PCBM-60 | BCP | Ag,500,110,30,1.65,1.11,15.01,0.67,10.9
44,10.1016/j.joule.2018.05.004,Jiang et al.,01/06/2018,(PEA)CsPbBrI,Phenylethylammonium Cesium Lead Bromide Iodide - ((PEA)CsPbBrI),Au,(PEA); Cs,SnO2-np,SLG | ITO,DMSO,SLG | ITO | SnO2-np | Perovskite | Spiro-MeOTAD | Au,500,110,20,1.751,1.19,11.52,0.69,9.5
45,10.1039/c8ta00948a,Qiu et al.,06/06/2018,(GABA)MAPbI,Gamma-Aminobutyric Acid Methylammonium Lead Iodide,Au,(GABA); MA,TiO2-c | TiO2-mp,SLG | FTO,DMF; DMSO,SLG | FTO | TiO2-c | TiO2-mp | Perovskite | Spiro-MeOTAD | Au,500,79,35,1.54,1.1,22.09,0.754,18.08
46,10.1021/acsenergylett.8b01153,Cheng et al.,20/07/2018,MAPAPbI,Methylammonium Propylammonium Lead Iodide - (MAPAPbI),Au,MA; PA,TiO2-c,SLG | FTO,DMSO,SLG | FTO | TiO2-c | Perovskite | Spiro-MeOTAD | Au,200,100,30,1.67,1.09,15.02,0.523,8.37
47,10.1021/acsenergylett.8b01153,Cheng et al.,20/07/2018,MAPAPbI,Methylammonium Propylammonium Lead Iodide - (MAPAPbI),Au,MA; PA,TiO2-c,SLG | FTO,DMF; DMSO,SLG | FTO | TiO2-c | Perovskite | Spiro-MeOTAD | Au,500,120,35,1.67,1.11,18.48,0.491,10.06
48,10.1021/acsenergylett.8b01153,Cheng et al.,20/07/2018,MAPAPbI,Methylammonium Propylammonium Lead Iodide - (MAPAPbI),Au,MA; PA,TiO2-c,SLG | FTO,DMF; DMSO,SLG | FTO | TiO2-c | Perovskite | Spiro-MeOTAD | Au,500,120,30,1.67,1.12,17.98,0.477,9.57
49,10.1021/acsenergylett.8b01153,Cheng et al.,20/07/2018,MAPAPbI,Methylammonium Propylammonium Lead Iodide - (MAPAPbI),Au,MA; PA,TiO2-c,SLG | FTO,DMF; DMSO,SLG | FTO | TiO2-c | Perovskite | Spiro-MeOTAD | Au,500,110,30,1.67,1.11,17.93,0.478,9.46
50,10.1021/acsenergylett.8b01153,Cheng et al.,20/07/2018,MAPAPbI,Methylammonium Propylammonium Lead Iodide - (MAPAPbI),Au,MA; PA,TiO2-c,SLG | FTO,DMF,SLG | FTO | TiO2-c | Perovskite | Spiro-MeOTAD | Au,500,110,30,1.67,1.13,11.1,0.48,5.96
51,10.1016/j.orgel.2018.07.029,Liu et al.,01/08/2018,BAMAPbI,Butylammonium Methylammonium Lead Iodide - (BAMAPbI),Ag,BA; MA,ITIC-Th | BCP,SLG | ITO,DMF,SLG | ITO | PTAA | Perovskite | ITIC-Th | BCP | Ag,420,130,20,1.56,1.02,13.4,0.612,8.9
52,10.1007/s12274-018-2151-4,Shin et al.,01/08/2018,CsBiI,Cesium Bismuth Iodide - (CsBiI),Carbon,Cs,TiO2-c | TiO2-mp | ZrO2-mp,SLG | FTO,DMF,SLG | FTO | TiO2-c | TiO2-mp | ZrO2-mp | Perovskite | Carbon,500,135,30,1.76,0.46,4.75,0.692,1.51
53,10.1007/s12274-018-2151-4,Shin et al.,01/08/2018,FABiI,Formamidinium Bismuth Iodide - (FABiI),Carbon,FA,TiO2-c | TiO2-mp | ZrO2-mp,SLG | FTO,DMF,SLG | FTO | TiO2-c | TiO2-mp | ZrO2-mp | Perovskite | Carbon,500,135,30,1.81,0.45,3.88,0.497,0.87
54,10.1039/c8ta06925e,Chen et al.,28/08/2018,BAMAPbI,Butylammonium Methylammonium Lead Iodide - (BAMAPbI),Ag,BA; MA,PCBM-60; ICBA | BCP,SLG | ITO,Dimethylacetamide; NMP,SLG | ITO | NiO-c | Perovskite | PCBM-60; ICBA | BCP | Ag,500,90,30,1.96,1.23,13.61,0.722,11.7
55,10.1021/jacs.8b04604,Lai et al.,30/08/2018,(ThMA)MAPbI,Thiophenemethylammonium Methylammonium Lead Iodide - ((ThMA)MAPbI),Ag,(ThMA); MA,PCBM-60 | BCP,SLG | ITO,DMF,SLG | ITO | PEDOT:PSS | Perovskite | PCBM-60 | BCP | Ag,430,130,25,1.63,1.07,18.89,0.763,15
56,10.1039/c8ta06719h,Hu et al.,21/09/2018,CsBiPbI,Cesium Bismuth Lead Iodide - (CsBiPbI),Au,Cs,TiO2-c | TiO2-mp,PET | ITO,DMF; DMSO,PET | ITO | TiO2-c | TiO2-mp | Perovskite | Spiro-MeOTAD | Au,500,235,30,1.69,1.05,15.11,0.73,10.84
57,10.1039/c8ta06719h,Hu et al.,21/09/2018,CsBiPbI,Cesium Bismuth Lead Iodide - (CsBiPbI),Au,Cs,TiO2-c | TiO2-mp,PET | ITO,DMF; DMSO,PET | ITO | TiO2-c | TiO2-mp | Perovskite | Spiro-MeOTAD | Au,500,85,30,1.59,1.09,13.37,0.568,7.57
58,10.1039/c8ta07836j,Zhou et al.,13/10/2018,EAMAPbI,Ethylammonium Methylammonium Lead Iodide- (EAMAPbI),Carbon,EA; MA,C60,SLG | ITO,DMF; DMSO,SLG | ITO | C60 | Perovskite | Carbon,200,100,30,1.58,1.028,22.37,0.606,13.57
59,10.1039/c8ta07836j,Zhou et al.,13/10/2018,EAMAPbI,Ethylammonium Methylammonium Lead Iodide- (EAMAPbI),Carbon,EA; MA,C60,SLG | ITO,DMF; DMSO,SLG | ITO | C60 | Perovskite | Carbon,450,205,30,1.61,1.018,21.14,0.552,11.59
60,10.1039/c8ta07836j,Zhou et al.,13/10/2018,EAMAPbI,Ethylammonium Methylammonium Lead Iodide- (EAMAPbI),Carbon,EA; MA,C60,SLG | ITO,DMF; DMSO,SLG | ITO | C60 | Perovskite | Carbon,500,145,35,1.59,1.023,21.69,0.576,12.36
61,10.1039/c8ta07836j,Zhou et al.,13/10/2018,EAMAPbI,Ethylammonium Methylammonium Lead Iodide- (EAMAPbI),Carbon,EA; MA,C60,SLG | ITO,DMF; DMSO,SLG | ITO | C60 | Perovskite | Carbon,500,167,30,1.61,1.018,21.14,0.552,11.59
62,10.1021/acssuschemeng.8b03604,Zheng et al.,15/10/2018,(NH4)FAMAPbBrI,Ammonium Formamidinium Methylammonium Lead Bromide Iodide,Au,(NH4); FA; MA,TiO2-c | TiO2-mp,SLG | FTO,DMF; DMSO,SLG | FTO | TiO2-c | TiO2-mp | Perovskite | Spiro-MeOTAD | Au,464,220,30,1.67,1.09,22.23,0.755,18.3
63,10.1021/acssuschemeng.8b03604,Zheng et al.,15/10/2018,(PEA)CsFAPbI,Ammonium Formamidinium Methylammonium Lead Bromide Iodide,Au,(PEA); Cs; FA,SnO2-c,SLG | ITO,DMF; NMP,SLG | ITO | SnO2-c | Perovskite | Spiro-MeOTAD | Au,500,125,25,1.51,1.07,24.2,0.72,18.7
64,10.1021/acs.chemmater.8b02970,Liu et al.,29/10/2018,(ThMA)FAPbI,Hexylammonium Cesium Formamidinium Lead Bromide Iodide,Ag,(ThMA); FA,PCBM-60 | BCP,SLG | ITO,DMF,SLG | ITO | PEDOT:PSS | Perovskite | PCBM-60 | BCP | Ag,500,120,30,1.5,1.07,22.25,0.776,19.06
65,10.1021/acs.chemmater.8b02970,Liu et al.,29/10/2018,(PEA)FAMAPbBrI,Hexylammonium Cesium Formamidinium Lead Bromide Iodide,Au,(PEA); FA; MA,TiO2-c | TiO2-mp,SLG | FTO,DMF; DMSO,SLG | FTO | TiO2-c | TiO2-mp | Perovskite | Spiro-MeOTAD | Au,500,135,30,1.59,1.09,23.5,0.737,18.9
66,10.1021/acs.chemmater.8b02970,Liu et al.,29/10/2018,(HEA)CsFAPbBrI,Hexylammonium Cesium Formamidinium Lead Bromide Iodide,Au,(HEA); Cs; FA,TiO2-c | TiO2-mp,SLG | FTO,DMF; DMSO,SLG | FTO | TiO2-c | TiO2-mp | Perovskite | Spiro-MeOTAD | Au,500,80,15,1.56,1.06,21.72,0.724,18.21
67,10.1039/c8ee02542h,Niu et al.,01/11/2018,BAFAPbBrI,Butylammonium Formamidinium Lead Bromide Iodide,Au,BA; FA,TiO2-c,SLG | FTO,DMF; DMSO; GBL,SLG | FTO | TiO2-c | Perovskite | Spiro-MeOTAD | Au,500,96,20,1.53,1.07,24.1,0.761,20.62
68,10.1016/j.nanoen.2018.11.019,Chen et al.,10/11/2018,(PEA)MAPbI,Phenylethylammonium Methylammonium Lead Iodide - ((PEA)MAPbI),Al,(PEA); MA,PCBM-60 | LiF,SLG | ITO,Methylammonium acetate,SLG | ITO | PEDOT:PSS | Perovskite | PCBM-60 | LiF | Al,300,110,35,1.6,0.99,13.38,0.702,9.32
69,10.1016/j.nanoen.2018.11.019,Chen et al.,10/11/2018,(PEA)MAPbI,Phenylethylammonium Methylammonium Lead Iodide - ((PEA)MAPbI),Al,(PEA); MA,PCBM-60 | LiF,SLG | ITO,Methylammonium acetate,SLG | ITO | PEDOT:PSS | Perovskite | PCBM-60 | LiF | Al,300,110,35,1.55,0.93,10.58,0.664,6.52
70,10.1016/j.nanoen.2018.11.019,Chen et al.,10/11/2018,(PEA)MAPbI,Phenylethylammonium Methylammonium Lead Iodide - ((PEA)MAPbI),Al,(PEA); MA,PCBM-60 | LiF,SLG | ITO,Methylammonium acetate,SLG | ITO | PEDOT:PSS | Perovskite | PCBM-60 | LiF | Al,480,210,20,1.6,0.95,18.18,0.737,12.78
71,10.1016/j.nanoen.2018.11.019,Chen et al.,10/11/2018,(PEA)MAPbI,Phenylethylammonium Methylammonium Lead Iodide - ((PEA)MAPbI),Al,(PEA); MA,PCBM-60 | LiF,SLG | ITO,Methylammonium acetate,SLG | ITO | PEDOT:PSS | Perovskite | PCBM-60 | LiF | Al,500,126,30,1.6,1.01,14.37,0.747,10.94
72,10.1039/c8ta08203k,Lian et al.,19/11/2018,(PEA)MAPbI,Phenylethylammonium Methylammonium Lead Iodide - ((PEA)MAPbI),Ag,(PEA); MA,PCBM-60 | BCP,SLG | ITO,DMF,SLG | ITO | PEDOT:PSS | Perovskite | PCBM-60 | BCP | Ag,500,170,20,1.63,1.07,13.41,0.7,10.79
73,10.1016/j.joule.2018.11.026,Ahmad et al.,21/12/2018,(PDA)MAPbI,Phenylalaninammonium methylammonium lead iodide - ((PDA)MAPbI),Au,(PDA); MA,TiO2-c,SLG | FTO,DMSO; GBL,SLG | FTO | TiO2-c | Perovskite | Spiro-MeOTAD | Au,500,183,20,1.63,0.98,19.5,0.69,13.3
74,10.1016/j.joule.2018.11.026,Ahmad et al.,21/12/2018,(PDA)MAPbI,Phenylalaninammonium methylammonium lead iodide - ((PDA)MAPbI),Au,(PDA); MA,TiO2-c,SLG | FTO,DMSO; GBL,SLG | FTO | TiO2-c | Perovskite | Spiro-MeOTAD | Au,500,140,30,1.63,0.98,19.5,0.69,13.3
75,10.1016/j.joule.2018.11.026,Ahmad et al.,21/12/2018,(PDA)MAPbI,Phenylalaninammonium methylammonium lead iodide - ((PDA)MAPbI),Au,(PDA); MA,TiO2-c,SLG | FTO,DMSO; GBL,SLG | FTO | TiO2-c | Perovskite | Spiro-MeOTAD | Au,500,170,20,1.63,0.98,19.5,0.69,13.3
76,10.1016/j.joule.2018.11.026,Ahmad et al.,21/12/2018,MAPAPbI,Methylammonium Propylammonium Lead Iodide - (MAPAPbI),Au,MA; PA,TiO2-c,SLG | FTO,DMSO; GBL,SLG | FTO | TiO2-c | Perovskite | Spiro-MeOTAD | Au,500,160,35,1.63,0.83,19.06,0.55,8.8
77,10.1016/j.joule.2018.11.026,Ahmad et al.,21/12/2018,MAPAPbI,Methylammonium Propylammonium Lead Iodide - (MAPAPbI),Au,MA; PA,TiO2-c,SLG | FTO,DMSO; GBL,SLG | FTO | TiO2-c | Perovskite | Spiro-MeOTAD | Au,500,165,35,1.63,0.83,19.06,0.55,8.8
78,10.1016/j.joule.2018.11.026,Ahmad et al.,21/12/2018,MAPAPbI,Methylammonium Propylammonium Lead Iodide - (MAPAPbI),Au,MA; PA,TiO2-c,SLG | FTO,DMSO; GBL,SLG | FTO | TiO2-c | Perovskite | Spiro-MeOTAD | Au,500,264,30,1.63,0.83,19.06,0.55,8.8
79,10.1021/acssuschemeng.8b05734,Zhang et al.,09/01/2019,BAMAPbI,Butylammonium Methylammonium Lead Iodide - (BAMAPbI),Au,BA; MA,TiO2-c,SLG | ITO,DMF; DMSO,SLG | ITO | TiO2-c | Perovskite | Spiro-MeOTAD | Au,350,120,30,1.6,0.97,18.21,0.582,10.3
80,10.1021/acssuschemeng.8b05734,Zhang et al.,09/01/2019,BAMAPbI,Butylammonium Methylammonium Lead Iodide - (BAMAPbI),Au,BA; MA,TiO2-c,SLG | ITO,DMF,SLG | ITO | TiO2-c | Perovskite | Spiro-MeOTAD | Au,450,105,30,1.64,0.98,11.98,0.48,5.7
81,10.1021/acssuschemeng.8b05734,Zhang et al.,09/01/2019,BAMAPbI,Butylammonium Methylammonium Lead Iodide - (BAMAPbI),Au,BA; MA,TiO2-c,SLG | FTO,DMSO,SLG | FTO | TiO2-c | Perovskite | Spiro-MeOTAD | Au,450,115,30,1.68,0.82,4.42,0.434,1.6
82,10.1021/acssuschemeng.8b05734,Zhang et al.,09/01/2019,BAMAPbI,Butylammonium Methylammonium Lead Iodide - (BAMAPbI),Au,BA; MA,TiO2-c,SLG | ITO,DMF; DMSO,SLG | ITO | TiO2-c | Perovskite | Spiro-MeOTAD | Au,500,125,30,1.47,0.98,15.1,0.543,8
83,10.1021/acssuschemeng.8b05734,Zhang et al.,09/01/2019,BAMAPbI,Butylammonium Methylammonium Lead Iodide - (BAMAPbI),Au,BA; MA,TiO2-c,SLG | ITO,DMF; DMSO,SLG | ITO | TiO2-c | Perovskite | Spiro-MeOTAD | Au,500,135,30,1.73,0.97,14.28,0.516,6.6
84,10.1021/jacs.8b13104,Zhang et al.,16/01/2019,GUMAPbI,Guanidinium Methylammonium Lead - (GUMAPbI),Au,GU; MA,TiO2-c,SLG | FTO,DMF; DMSO,SLG | FTO | TiO2-c | Perovskite | Spiro-MeOTAD | Au,500,135,20,1.75,1.15,18.8,0.678,14.65
85,10.1002/aenm.201803384,Ke et al.,21/01/2019,(3AMP)FAMAPbI,3-Aminopropylmethylammonium Formamidinium Methylammonium Lead Iodide - ((3AMP)FAMAPbI),Ag,(3AMP); FA; MA,C60 | BCP,SLG | FTO,DMF; DMSO,SLG | FTO | PEDOT:PSS | Perovskite | C60 | BCP | Ag,420,130,20,1.71,1.08,13.36,0.778,11.18
86,10.1021/acs.chemmater.8b04531,Chen et al.,24/01/2019,BAMAPbI,Butylammonium Methylammonium Lead Iodide - (BAMAPbI),Au,BA; MA,TiO2-c | TiO2-mp,SLG | FTO,GBL,SLG | FTO | TiO2-c | TiO2-mp | Perovskite | Spiro-MeOTAD | Au,270,130,20,1.65,1.14,16,0.6,11.04
87,10.1016/j.electacta.2019.02.071,Wang et al.,15/02/2019,(APMim)Pb(PF6)PF6,Allylphosphonium Methylimidazolium Lead Hexafluorophosphate - ((APMim)Pb(PF6)PF6),Au,(APMim),TiO2-c,SLG | FTO,DMSO,SLG | FTO | TiO2-c | Perovskite | CuSeCN | Au,500,120,35,1.5,1.05,22.9,0.719,17.3
88,10.1016/j.electacta.2019.02.071,Wang et al.,15/02/2019,(APMim)PbBrI,Allylphosphonium Methylimidazolium Lead Bromide Iodide - ((APMim)PbBrI),Au,(APMim),TiO2-c,SLG | FTO,DMSO,SLG | FTO | TiO2-c | Perovskite | CuSeCN | Au,500,120,35,1.5,0.99,24.1,0.713,17
89,10.1016/j.electacta.2019.02.071,Wang et al.,15/02/2019,(APMim)PbBrI,Allylphosphonium Methylimidazolium Lead Bromide Iodide - ((APMim)PbBrI),Au,(APMim),TiO2-c,SLG | FTO,DMSO,SLG | FTO | TiO2-c | Perovskite | CuSeCN | Au,500,110,35,1.5,1.01,23.2,0.721,16.9
90,10.1021/acsaem.8b01964,Thote et al.,08/03/2019,(PEA)CsFAPbI,Phenylethylammonium Cesium Formamidinium Lead Iodide,Ag,(PEA); Cs; FA,SnO2-c,SLG | ITO,DMF; NMP,SLG | ITO | SnO2-c | Perovskite | Spiro-MeOTAD | Ag,500,87,20,1.4,1.05,25.3,0.72,20.2
91,10.1021/acsaem.8b01964,Thote et al.,08/03/2019,(PEA)CsFAPbI,Phenylethylammonium Cesium Formamidinium Lead Iodide,Ag,(PEA); Cs; FA,PCBM-60 | C60 | BCP,SLG | ITO,DMF; NMP,SLG | ITO | PTAA | Perovskite | PCBM-60 | C60 | BCP | Ag,500,95,20,1.4,1.02,24.6,0.72,18.2
92,10.1021/acsaem.8b01964,Thote et al.,08/03/2019,(PEA)CsFAPbI,Phenylethylammonium Cesium Formamidinium Lead Iodide - ((PEA)CsFAPbI),Ag,(PEA); Cs; FA,PCBM-60 | C60 | BCP,SLG | ITO,DMF; NMP,SLG | ITO | PEDOT:PSS | Perovskite | PCBM-60 | C60 | BCP | Ag,500,110,30,1.4,0.86,25.1,0.76,15.5
93,10.1016/j.jpowsour.2019.03.037,Xue et al.,18/03/2019,(PEA)MAPbI,Phenylethylammonium Methylammonium Lead Iodide - ((PEA)MAPbI),Ag,(PEA); MA,TiO2-c,SLG | FTO,DMF,SLG | FTO | TiO2-c | Perovskite | Spiro-MeOTAD | Ag,450,130,35,1.56,1.02,14.34,0.38,5.57
94,10.1002/solr.201800357,Mao et al.,28/03/2019,BAFAMAPbI,Butylammonium Formamidinium Methylammonium Lead Iodide. - (BAFAMAPbI),Ag,BA; FA; MA,PCBM-60 | BCP,SLG | ITO,DMF; DMSO,SLG | ITO | NiO-c | Perovskite | PCBM-60 | BCP | Ag,500,120,30,1.67,1.079,17.25,0.775,14.41
95,10.1002/solr.201800357,Mao et al.,28/03/2019,BAFAMAPbI,Butylammonium Formamidinium Methylammonium Lead Iodide. - (BAFAMAPbI),Ag,BA; FA; MA,PCBM-60 | BCP,SLG | ITO,DMF,SLG | ITO | NiO-c | Perovskite | PCBM-60 | BCP | Ag,500,165,20,1.659,1.093,12.01,0.721,9.47
96,10.1021/acsenergylett.9b00403,Jiang et al.,02/05/2019,BACsFAMAPbI,Butylammonium Cesium Formamidinium Methylammonium Lead Iodide - (BACsFAMAPbI),Ag,BA; Cs; FA; MA,PCBM-60 | BCP,SLG | ITO,DMSO; GBL,SLG | ITO | MoO3 | PEDOT:PSS | Perovskite | PCBM-60 | BCP | Ag,300,110,30,1.59,1.54,14.7,0.68,15.58
97,10.1021/acsenergylett.9b00403,Jiang et al.,02/05/2019,BAFAMAPbI,Butylammonium Formamidinium Methylammonium Lead Iodide. - (BAFAMAPbI),Ag,BA; FA; MA,PCBM-60 | BCP,SLG | ITO,DMSO; GBL,SLG | ITO | MoO3 | PEDOT:PSS | Perovskite | PCBM-60 | BCP | Ag,450,85,35,1.58,1.07,16.3,0.441,12.74
98,10.1021/acsenergylett.9b00403,Jiang et al.,02/05/2019,BACsFAMAPbI,Butylammonium Cesium Formamidinium Methylammonium Lead Iodide - (BACsFAMAPbI),Ag,BA; Cs; FA; MA,PCBM-60 | BCP,SLG | ITO,DMSO; GBL,SLG | ITO | MoO3 | PEDOT:PSS | Perovskite | PCBM-60 | BCP | Ag,500,110,30,1.59,1.07,19,0.72,14.64
99,10.1021/acsenergylett.9b00403,Jiang et al.,02/05/2019,BACsMAPbI,Butylammonium Cesium Methylammonium Lead Iodide - (BACsMAPbI),Ag,BA; Cs; MA,PCBM-60 | BCP,SLG | ITO,DMSO; GBL,SLG | ITO | MoO3 | PEDOT:PSS | Perovskite | PCBM-60 | BCP | Ag,500,125,30,1.63,0.89,22.8,0.932,12.08
100,10.1002/anie.201902959,Lian et al.,08/05/2019,BAMAPbI,Butylammonium Methylammonium Lead Iodide - (BAMAPbI),Ag,BA; MA,PCBM-60 | BCP,SLG | ITO,DMF,SLG | ITO | PEDOT:PSS | Perovskite | C60 | BCP | Ag,500,105,33,1.65,1.1,16.74,0.77,13.46
101,10.1002/anie.201902959,Lian et al.,08/05/2019,BAMAPbI,Butylammonium Methylammonium Lead Iodide - (BAMAPbI),Ag,BA; MA,PCBM-60 | BCP,SLG | ITO,DMF,SLG | ITO | PEDOT:PSS | Perovskite | C60 | BCP | Ag,500,110,35,1.668,0.79,6.95,0.42,2.32
102,10.1002/advs.201900548,Yan et al.,18/05/2019,(TEA)MAPbI,Tetraethylammonium Methylammonium Lead Iodide - ((TEA)MAPbI),Al,(TEA); MA,PCBM-60 | Bphen,SLG | ITO,DMF; DMSO,SLG | ITO | PEDOT:PSS | Perovskite | PCBM-60 | Bphen | Al,500,200,20,1.65,0.9,19.01,0.66,11.32
103,10.1002/advs.201900548,Yan et al.,18/05/2019,(PEA)MAPbI,Phenylethylammonium Methylammonium Lead Iodide - ((PEA)MAPbI),Al,(PEA); MA,PCBM-60 | Bphen,SLG | ITO,DMF; DMSO,SLG | ITO | PEDOT:PSS | Perovskite | PCBM-60 | Bphen | Al,500,80,30,1.72,1.06,12.73,0.68,9.19
104,10.1039/c9ta03022k,Tian et al.,18/05/2019,(PEA)FAMAPbI,Phenethylammonium Formamidinium Lead Iodide - ((PEA)FAMAPbI),Ag,(PEA); FA; MA,PCBM-60 | BCP,SLG | ITO,DMF; DMSO,SLG | ITO | PTAA | PFN | Perovskite | PCBM-60 | BCP | Ag,500,228,30,1.61,1.14,15.34,0.69,12.7
105,10.1039/c9ta03022k,Tian et al.,18/05/2019,(PEA)FAMAPbI,Phenethylammonium Formamidinium Lead Iodide - ((PEA)FAMAPbI),Ag,(PEA); FA; MA,PCBM-60 | BCP,SLG | ITO,DMF; DMSO,SLG | ITO | PTAA | Perovskite | PCBM-60 | BCP | Ag,500,107,30,1.64,1.14,13.31,0.68,9.2
106,10.1039/c9ta01569h,Jung,21/05/2019,HAMAPbI,Hexylammonium Methylammonium Lead Iodide - (HAMAPbI),Au,HA; MA,TiO2-c | TiO2-mp,SLG | FTO,DMF; DMSO,SLG | FTO | TiO2-c | TiO2-mp | Perovskite | Spiro-MeOTAD | Au,500,198,20,1.96,0.72,13.61,0.601,5.9
107,10.1002/admi.201900517,Huang et al.,11/06/2019,CsBiI,Cesium Bismuth Iodide - (CsBiI),Au,Cs,TiO2-c,SLG | FTO,DMF,SLG | FTO | TiO2-c | Perovskite | Spiro-MeOTAD | Au,500,210,20,1.71,0.62,7.66,0.32,1.49
108,10.1002/anie.201905690,Gao et al.,20/06/2019,BACsFAMAPbI,Butylammonium Cesium Formamidinium Methylammonium Lead Iodide - (BACsFAMAPbI),Au,BA; Cs; FA; MA,TiO2-c,SLG | FTO,DMF,SLG | FTO | TiO2-c | Perovskite | Spiro-MeOTAD | Au,500,110,33,1.48,1.13,18.23,0.69,17.43
109,10.1002/anie.201905690,Gao et al.,20/06/2019,BAMAPbI,Butylammonium Methylammonium Lead Iodide - (BAMAPbI),Au,BA; MA,TiO2-c,SLG | FTO,DMF,SLG | FTO | TiO2-c | Perovskite | Spiro-MeOTAD | Au,500,85,15,1.55,1.03,16.12,0.47,14.97
110,10.1002/adma.201901966,Li et al.,3/7/2019,BACsFAMAPbBrI,Butylammonium Cesium Formamidinium Methylammonium Lead Bromide Iodide - (BACsFAMAPbBrI),Au,BA; Cs; FA; MA,TiO2-c,SLG | FTO,DMF; DMSO,SLG | FTO | TiO2-c | Perovskite | Spiro-MeTAD | Au,200,100,30,1.589,1.1,20.81,0.613,13.96
111,10.1002/adma.201901966,Li et al.,03/07/2019,BACsFAMAPbBrI,Butylammonium Cesium Formamidinium Methylammonium Lead Bromide Iodide - (BACsFAMAPbBrI),Au,BA; Cs; FA; MA,TiO2-c,SLG | FTO,DMF; DMSO,SLG | FTO | TiO2-c | Perovskite | Spiro-MeTAD | Au,200,100,30,1.589,1.1,20.81,0.613,13.96
112,10.1002/adma.201901966,Li et al.,03/07/2019,(BEA)CsFAMAPbBrI,Benzylammonium Ethylammonium Formamidinium Lead Iodide - ((BEA)CsFAMAPbBrI),Au,(BEA); Cs; FA; MA,TiO2-c,SLG | FTO,DMF; DMSO,SLG | FTO | TiO2-c | Perovskite | Spiro-MeTAD | Au,500,155,35,1.589,1.1,21.89,0.722,17.39
113,10.1002/adma.201901966,Li et al.,03/07/2019,(BEA)CsFAMAPbBrI,Benzylammonium Ethylammonium Formamidinium Lead Iodide - ((BEA)CsFAMAPbBrI),Au,(BEA); Cs; FA; MA,TiO2-c,SLG | FTO,DMF; DMSO,SLG | FTO | TiO2-c | Perovskite | Spiro-MeTAD | Au,500,125,30,1.589,1.1,21.89,0.722,17.39
114,10.1039/c9ta04658e,Lian et al.,26/07/2019,BAGUMAPbI,Butylammonium Guanidinium Methylammonium Lead Iodide - (BAGUMAPbI),Ag,BA; GU; MA,PCBM-60 | BCP,SLG | ITO,DMF,SLG | ITO | PCP-Na | Perovskite | PCBM-60 | BCP | Ag,500,157,20,1.61,1.17,16.9,0.81,15.86
115,10.1002/adma.201901673,Shi et al.,05/08/2019,(4FPEA)MAPbI,4-Fluorophenylethylammonium Methylammonium Lead Iodide - ((4FPEA)MAPbI),Ag,(4FPEA); MA,PCBM-60 | PEI,SLG | ITO,DMF,SLG | ITO | PTAA | Perovskite | PCBM-60 | PEI | Ag,200,100,30,1.55,1.14,18.65,0.808,17.25
116,10.1002/adma.201901673,Shi et al.,05/08/2019,(PEA)MAPbI,Phenylethylammonium Methylammonium Lead Iodide - ((PEA)MAPbI),Ag,(PEA); MA,PCBM-60 | PEI,SLG | ITO,DMF,SLG | ITO | PTAA | Perovskite | PCBM-60 | PEI | Ag,200,100,30,1.59,1.13,13.9,0.677,10.64
117,10.1016/j.nanoen.2019.104050,Gu et al.,30/08/2019,GUMAPbI,Guanidinium Methylammonium Lead - (GUMAPbI),Ag,GU; MA,PCBM-60 | LiF,SLG | ITO,DMF; DMSO,SLG | ITO | PEDOT:PSS | Perovskite | PCBM-60 | LiF | Ag,500,170,30,1.6,1.08,20.75,0.745,15.89
118,10.1002/cssc.201901948,Zheng et al.,02/09/2019,EAMAPbI,Ethylammonium Methylammonium Lead Iodide- (EAMAPbI),Au,EA; MA,TiO2-c | TiO2-mp,SLG | FTO,DMF; DMSO,SLG | FTO | TiO2-c | TiO2-mp | Perovskite | Spiro-MeOTAD | Au,200,100,30,1.43,1.06,22.11,0.72,16.93
119,10.1002/cssc.201901948,Zheng et al.,02/09/2019,MAPAPbI,Methylammonium Propylammonium Lead Iodide - (MAPAPbI),Au,MA; PA,TiO2-c | TiO2-mp,SLG | FTO,DMF; DMSO,SLG | FTO | TiO2-c | TiO2-mp | Perovskite | Spiro-MeOTAD | Au,200,100,30,1.57,1.05,21.58,0.72,16.4
120,10.1002/cssc.201901948,Zheng et al.,02/09/2019,BAMAPbI,Butylammonium Methylammonium Lead Iodide - (BAMAPbI),Au,BA; MA,TiO2-c | TiO2-mp,SLG | FTO,DMF; DMSO,SLG | FTO | TiO2-c | TiO2-mp | Perovskite | Spiro-MeOTAD | Au,200,100,30,1.671,1.05,21.4,0.718,16.08
121,10.1002/cssc.201901948,Zheng et al.,02/09/2019,EAMAPbI,Ethylammonium Methylammonium Lead Iodide- (EAMAPbI),Au,EA; MA,TiO2-c | TiO2-mp,SLG | FTO,DMF; DMSO,SLG | FTO | TiO2-c | TiO2-mp | Perovskite | Spiro-MeOTAD | Au,200,100,30,1.53,1.05,21.77,0.7,16.05
122,10.1002/cssc.201901948,Zheng et al.,02/09/2019,BAMAPbI,Butylammonium Methylammonium Lead Iodide - (BAMAPbI),Au,BA; MA,TiO2-c | TiO2-mp,SLG | FTO,DMF; DMSO,SLG | FTO | TiO2-c | TiO2-mp | Perovskite | Spiro-MeOTAD | Au,200,100,30,1.47,1.06,20.46,0.69,14.99
123,10.1002/cssc.201901948,Zheng et al.,02/09/2019,MAPAPbI,Methylammonium Propylammonium Lead Iodide - (MAPAPbI),Au,MA; PA,TiO2-c | TiO2-mp,SLG | FTO,DMF; DMSO,SLG | FTO | TiO2-c | TiO2-mp | Perovskite | Spiro-MeOTAD | Au,200,100,30,1.59,1.04,18.95,0.7,13.97
124,10.1002/cssc.201901948,Zheng et al.,02/09/2019,BAMAPbI,Butylammonium Methylammonium Lead Iodide - (BAMAPbI),Au,BA; MA,TiO2-c | TiO2-mp,SLG | FTO,DMF; DMSO,SLG | FTO | TiO2-c | TiO2-mp | Perovskite | Spiro-MeOTAD | Au,200,100,30,1.69,1.01,17.84,0.62,11.28
125,10.1002/cssc.201901948,Zheng et al.,02/09/2019,MAPAPbI,Methylammonium Propylammonium Lead Iodide - (MAPAPbI),Au,MA; PA,TiO2-c | TiO2-mp,SLG | FTO,DMF; DMSO,SLG | FTO | TiO2-c | TiO2-mp | Perovskite | Spiro-MeOTAD | Au,200,100,30,1.56,0.97,15.3,0.47,8.52
126,10.1002/cssc.201901948,Zheng et al.,02/09/2019,BAMAPbI,Butylammonium Methylammonium Lead Iodide - (BAMAPbI),Au,BA; MA,TiO2-c | TiO2-mp,SLG | FTO,DMF; DMSO,SLG | FTO | TiO2-c | TiO2-mp | Perovskite | Spiro-MeOTAD | Au,200,100,30,1.78,0.99,12.99,0.56,7.21
127,10.1002/cssc.201901948,Zheng et al.,02/09/2019,BAMAPbI,Butylammonium Methylammonium Lead Iodide - (BAMAPbI),Au,BA; MA,TiO2-c | TiO2-mp,SLG | FTO,DMF; DMSO,SLG | FTO | TiO2-c | TiO2-mp | Perovskite | Spiro-MeOTAD | Au,300,110,30,1.59,1.04,18.82,0.67,13.17
128,10.1002/cssc.201901948,Zheng et al.,02/09/2019,EAMAPbI,Ethylammonium Methylammonium Lead Iodide- (EAMAPbI),Au,EA; MA,TiO2-c | TiO2-mp,SLG | FTO,DMF; DMSO,SLG | FTO | TiO2-c | TiO2-mp | Perovskite | Spiro-MeOTAD | Au,305,115,20,1.69,0.97,17.59,0.59,10.26
129,10.1002/cssc.201901948,Zheng et al.,02/09/2019,EAMAPbI,Ethylammonium Methylammonium Lead Iodide- (EAMAPbI),Au,EA; MA,TiO2-c | TiO2-mp,SLG | FTO,DMF; DMSO,SLG | FTO | TiO2-c | TiO2-mp | Perovskite | Spiro-MeOTAD | Au,450,130,30,1.54,1.03,20.9,0.7,15.17
130,10.1002/cssc.201901948,Zheng et al.,02/09/2019,MAPAPbI,Methylammonium Propylammonium Lead Iodide - (MAPAPbI),Au,MA; PA,TiO2-c | TiO2-mp,SLG | FTO,DMF; DMSO,SLG | FTO | TiO2-c | TiO2-mp | Perovskite | Spiro-MeOTAD | Au,500,90,35,1.64,1.06,20.53,0.7,15.22
131,10.1002/cssc.201901948,Zheng et al.,02/09/2019,EAMAPbI,Ethylammonium Methylammonium Lead Iodide- (EAMAPbI),Au,EA; MA,TiO2-c | TiO2-mp,SLG | FTO,DMF; DMSO,SLG | FTO | TiO2-c | TiO2-mp | Perovskite | Spiro-MeOTAD | Au,500,85,30,1.59,1.02,20.54,0.607,12.71
132,10.1002/cssc.201901948,Zheng et al.,02/09/2019,MAPAPbI,Methylammonium Propylammonium Lead Iodide - (MAPAPbI),Au,MA; PA,TiO2-c | TiO2-mp,SLG | FTO,DMF; DMSO,SLG | FTO | TiO2-c | TiO2-mp | Perovskite | Spiro-MeOTAD | Au,500,90,30,1.67,1.02,17.96,0.65,12.04
133,10.1021/jacs.9b06418,Jeon et al.,18/09/2019,(HEA)CsFAPbBrI,Phenylethylammonium Cesium Formamidinium Lead Iodide,Au,(HEA); Cs; FA,TiO2-c | TiO2-mp,SLG | FTO,DMF; DMSO,SLG | FTO | TiO2-c | TiO2-mp | Perovskite | Spiro-MeOTAD | Au,200,100,15,1.63,1.14,20.18,0.681,18.79
134,10.1021/jacs.9b06418,Jeon et al.,18/09/2019,(PEA)CsFAPbI,Phenylethylammonium Cesium Formamidinium Lead Iodide - ((PEA)CsFAPbI),Au,(PEA); Cs; FA,SnO2-c,SLG | ITO,DMF; NMP,SLG | ITO | SnO2-c | Perovskite | Carbon-nt | Spiro-MeOTAD | Au,500,130,25,1.54,1.09,23.1,0.67,17.2
135,10.1021/jacs.9b06418,Jeon et al.,18/09/2019,(PEA)CsFAPbI,Phenylethylammonium Cesium Formamidinium Lead Iodide - ((PEA)CsFAPbI),Au,(PEA); Cs; FA,SnO2-c,SLG | ITO,DMF; NMP,SLG | ITO | SnO2-c | Perovskite | Carbon-nt | Spiro-MeOTAD | Au,500,130,25,1.61,1.08,23,0.68,16.9
136,10.1002/aenm.201902529,Wang et al.,27/09/2019,(PEA)CsPbI,Phenethylammonium cesium lead iodide - ((PEA)CsPbI),Au,(PEA); Cs,TiO2-c,SLG | FTO,DMF; DMSO,SLG | FTO | TiO2-c | Perovskite | PTAA | Au,500,200,35,1.71,0.991,19.51,0.704,13.29
137,10.1016/j.joule.2019.09.020,Zhang et al.,22/10/2019,(PEA)MAPbI,Phenylethylammonium Methylammonium Lead Iodide - ((PEA)MAPbI),Ag,(PEA); MA,PCBM-60 | PEI,SLG | ITO,DMF; DMSO,SLG | ITO | PTAA | Perovskite | PCBM-60 | PEI | Ag,300,110,20,1.6,1.223,17.91,0.82,18.04
138,10.1002/admi.201901259,Xu et al.,11/11/2019,BAMAPbI,Butylammonium Methylammonium Lead Iodide - (BAMAPbI),Ag,BA; MA,PCBM-60,SLG | FTO,DMF; DMSO,SLG | ITO | NiO-c | Perovskite | PCBM-60 | Ag,500,225,30,1.633,1.16,17.57,0.684,13.92
139,10.1002/admi.201901259,Xu et al.,11/11/2019,BAMAPbI,Butylammonium Methylammonium Lead Iodide - (BAMAPbI),Ag,BA; MA,PCBM-60,SLG | FTO,DMF; DMSO,SLG | ITO | NiO-c | Perovskite | PCBM-60 | Ag,500,178,35,1.64,1.14,16.93,0.652,12.54
140,10.1021/acsenergylett.9b02366,Kuai et al.,12/11/2019,BAMAPbI,Butylammonium Methylammonium Lead Iodide - (BAMAPbI),Ag,BA; MA,TiO2-c,SLG | FTO,DMF,SLG | FTO | TiO2-c | Perovskite | Spiro-MeOTAD | Ag,150,80,35,1.55,1.08,17.1,0.623,11.3
141,10.1016/j.solener.2019.12.021,Zhao et al.,11/12/2019,(CPEA)MAPbI,Chlorophenylethylammonium Methylammonium Lead Iodide - ((CPEA)MAPbI),Au,(CPEA); MA,TiO2-c,SLG | FTO,DMF,SLG | FTO | TiO2-c | Perovskite | Spiro-MeOTAD | Au,391,90,25,1.58,0.943,19.26,0.57,10.29
142,10.1039/c9ta11744j,Kong et al.,17/12/2019,(BDA)MAPbI,Benzylammonium Methylammonium Lead Iodide - ((BDA)MAPbI),Ag,(BDA); MA,PCBM-60 | BCP,SLG | ITO,DMF,SLG | ITO | PEDOT:PSS | Perovskite | PCBM-60 | BCP | Ag,400,110,35,1.6,1.08,6.02,0.62,5.19
143,10.1039/c9ta11744j,Kong et al.,17/12/2019,(BDA)MAPbI,Benzylammonium Methylammonium Lead Iodide - ((BDA)MAPbI),Ag,(BDA); MA,PCBM-60 | BCP,SLG | ITO,DMF,SLG | ITO | PEDOT:PSS | Perovskite | PCBM-60 | BCP | Ag,400,120,35,1.6,1.13,5.48,0.722,4.48
144,10.1039/c9ta11744j,Kong et al.,17/12/2019,(BDA)MAPbI,Benzylammonium Methylammonium Lead Iodide - ((BDA)MAPbI),Ag,(BDA); MA,PCBM-60 | BCP,SLG | ITO,DMF,SLG | ITO | PEDOT:PSS | Perovskite | PCBM-60 | BCP | Ag,400,130,35,2.536,1.07,1.67,0.617,1.1
145,10.1002/smtd.201900831,Li et al.,23/12/2019,(BDA)MAPbI,Benzylammonium Methylammonium Lead Iodide - ((BDA)MAPbI),Ag,(BDA); MA,PCBM-60 | BCP,SLG | ITO,DMF,SLG | ITO | PTAA | Perovskite | PCBM-60 | BCP | Ag,200,100,30,1.56,1.1,15.72,0.738,13.13
146,10.1002/smtd.201900831,Li et al.,23/12/2019,(BDA)MAPbI,Benzylammonium Methylammonium Lead Iodide - ((BDA)MAPbI),Ag,(BDA); MA,PCBM-60 | BCP,SLG | ITO,DMF,SLG | ITO | PTAA | Perovskite | PCBM-60 | BCP | Ag,500,85,30,1.69,1.18,8.99,0.598,6.34
147,10.1021/acs.jpclett.9b03414,Zhou et al.,06/01/2020,BDACsPbBrI,Benzylammonium Cesium Lead Bromide Iodide - (BDACsPbBrI),Au,BDA; Cs,TiO2-c | PCBM-60,SLG | FTO,DMF; DMSO,SLG | FTO | TiO2-c | PCBM-60 | Perovskite | P3HT | Au,380,95,25,1.9,1.1,14.09,0.52,7.94
148,10.1021/acs.jpclett.9b03414,Zhou et al.,06/01/2020,BDACsPbBrI,Benzylammonium Cesium Lead Bromide Iodide - (BDACsPbBrI),Au,BDA; Cs,TiO2-c | PCBM-60,SLG | FTO,DMF; DMSO,SLG | FTO | TiO2-c | PCBM-60 | Perovskite | P3HT | Au,380,90,25,1.9,0.96,14.51,0.51,7.35
149,10.1021/acs.jpclett.9b03414,Zhou et al.,06/01/2020,BDACsPbBrI,Benzylammonium Cesium Lead Bromide Iodide - (BDACsPbBrI),Au,BDA; Cs,TiO2-c | PCBM-60,SLG | FTO,DMF; DMSO,SLG | FTO | TiO2-c | PCBM-60 | Perovskite | P3HT | Au,380,90,25,1.91,1.11,12.83,0.49,4.09
150,10.1002/solr.201900463,Lee et al.,24/01/2020,(PEA)FAMAPbBrI,Phenylethylammonium Formamidinium Methylammonium Lead Bromide Iodide,Au,(PEA); FA; MA,TiO2-c | TiO2-mp,SLG | FTO,DMF; DMSO,SLG | FTO | TiO2-c | TiO2-mp | Perovskite | Spiro-MeOTAD | Au,500,85,30,1.59,1.1,23.1,0.756,19.1
151,10.1002/solr.201900463,Lee et al.,24/01/2020,(HEA)CsFAPbBrI,Phenylethylammonium Formamidinium Methylammonium Lead Bromide Iodide,Au,(HEA); Cs; FA,TiO2-c | TiO2-mp,SLG | FTO,DMF; DMSO,SLG | FTO | TiO2-c | TiO2-mp | Perovskite | Spiro-MeOTAD | Au,500,85,15,1.64,1.1,22.81,0.796,19.02
152,10.1039/c9nr10382a,Pan et al.,09/03/2020,(Cl-PEA)MAPbI,Chlorophenylethylammonium Methylammonium Lead Iodide - ((Cl-PEA)MAPbI),Ag,(Cl-PEA); MA,PCBM-60 | BCP,SLG | ITO,DMF,SLG | ITO | PEDOT:PSS | Perovskite | PCBM-60 | BCP | Ag,295,110,20,1.49,0.94,12.408,0.678,7.91
153,10.1039/c9nr10382a,Pan et al.,09/03/2020,(Cl-PEA)MAPbI,Chlorophenylethylammonium Methylammonium Lead Iodide - ((Cl-PEA)MAPbI),Ag,(Cl-PEA); MA,PCBM-60 | BCP,SLG | ITO,DMF,SLG | ITO | PEDOT:PSS | Perovskite | PCBM-60 | BCP | Ag,500,200,20,1.64,1.01,15.46,0.705,11.01
154,10.1002/adma.202001470,Lai et al.,06/07/2020,(ThMA)FAPbI,Thiophene Methylammonium Formamidinium Lead Iodide - ((ThMA)FAPbI),Ag,(ThMA); FA,PCBM-60 | BCP,SLG | ITO,DMF,SLG | ITO | PEDOT:PSS | Perovskite | PCBM-60 | BCP | Ag,300,110,35,1.5,0.964,22.03,0.75,15.93
155,10.1002/adma.202001470,Lai et al.,06/07/2020,(NH4)FAMAPbBrI,Thiophene Methylammonium Formamidinium Lead Iodide,Au,(NH4); FA; MA,TiO2-c | TiO2-mp,SLG | FTO,DMF; DMSO,SLG | FTO | TiO2-c | TiO2-mp | Perovskite | Spiro-MeOTAD | Au,464,200,30,1.541,1.09,22.25,0.764,18.53
156,10.1021/acsaem.0c02405,Hultqvist et al.,04/01/2021,CsFAMAPbBrI,Cesium Formamidinium Methylammonium Lead Bromoiodide,Pb,Cs; FA; MA,PCBM-60,SLG | FTO,DMF; DMSO,SLG | FTO | NiO-c | Perovskite | PCBM-60 | Au,500,80,50,1.6,1.12,18.1,0.66,13.5
157,10.1021/acsaem.0c02405,Hultqvist et al.,04/01/2021,CsFAMAPbBrI,Cesium Formamidinium Methylammonium Lead Bromoiodide,Pb,Cs; FA; MA,PCBM-60,SLG | FTO,DMF; DMSO,SLG | FTO | NiO-c | Perovskite | PCBM-60 | AZO-c,500,80,30,1.6,1.07,14.5,0.32,5
158,10.1021/acsaem.0c02405,Hultqvist et al.,04/01/2021,CsFAMAPbBrI,Cesium Formamidinium Methylammonium Lead Bromoiodide,Pb,Cs; FA; MA,PCBM-60 | SnO2-c,SLG | FTO,DMF; DMSO,SLG | FTO | NiO-c | Perovskite | PCBM-60 | SnO2-c | AZO-c,500,85,35,1.6,0.98,11.7,0.21,2.4
159,10.1021/acsaem.0c02405,Hultqvist et al.,04/01/2021,CsFAMAPbBrI,Cesium Formamidinium Methylammonium Lead Bromoiodide,Pb,Cs; FA; MA,PCBM-60 | SnO2-c,SLG | FTO,DMF; DMSO,SLG | FTO | NiO-c | Perovskite | PCBM-60 | SnO2-c | AZO-c,500,85,50,1.6,1.07,17.6,0.56,10.4
160,10.1021/acsaem.0c02405,Hultqvist et al.,04/01/2021,CsFAMAPbBrI,Cesium Formamidinium Methylammonium Lead Bromoiodide,Pb,Cs; FA; MA,PCBM-60 | SnO2-c,SLG | FTO,DMF; DMSO,SLG | FTO | NiO-c | Perovskite | PCBM-60 | SnO2-c | AZO-c,500,75,20,1.6,1.03,16.3,0.56,9.4
161,10.1021/acsaem.0c02405,Hultqvist et al.,04/01/2021,CsFAMAPbBrI,Cesium Formamidinium Methylammonium Lead Bromoiodide,Pb,Cs; FA; MA,PCBM-60 | SnO2-c,SLG | FTO,DMF; DMSO,SLG | FTO | NiO-c | Perovskite | PCBM-60 | SnO2-c | AZO-c,500,75,30,1.6,1.09,16.7,0.58,10.5
162,10.1021/acsaem.0c02405,Hultqvist et al.,04/01/2021,CsFAMAPbBrI,Cesium Formamidinium Methylammonium Lead Bromoiodide,Pb,Cs; FA; MA,SnO2-c,SLG | FTO,DMF; DMSO,SLG | FTO | NiO-c | Perovskite | SnO2-c | AZO-c,500,75,35,1.6,0.69,4.1,0.19,0.5
163,10.1021/acsaem.0c02405,Hultqvist et al.,04/01/2021,CsFAMAPbBrI,Cesium Formamidinium Methylammonium Lead Bromoiodide,Pb,Cs; FA; MA,SnO2-c,SLG | FTO,DMF; DMSO,SLG | FTO | NiO-c | Perovskite | SnO2-c | AZO-c,500,71,20,1.6,0.63,2.5,0.15,0.2
164,10.1021/acsaem.0c02405,Hultqvist et al.,04/01/2021,CsFAMAPbBrI,Cesium Formamidinium Methylammonium Lead Bromoiodide,Pb,Cs; FA; MA,SnO2-c,SLG | FTO,DMF; DMSO,SLG | FTO | NiO-c | Perovskite | SnO2-c | AZO-c,500,88,15,1.6,0.61,3,0.2,0.4
165,10.1021/acsaem.0c02405,Hultqvist et al.,04/01/2021,CsFAMAPbBrI,Cesium Formamidinium Methylammonium Lead Bromoiodide,Pb,Cs; FA; MA,SnO2-c,SLG | FTO,DMF; DMSO,SLG | FTO | SnO2-c | Perovskite | Spiro-MeOTAD | Au,500,88,50,1.6,1.12,19.6,0.69,15.3
166,10.1021/acsaem.0c02405,Hultqvist et al.,04/01/2021,CsFAMAPbBrI,Cesium Formamidinium Methylammonium Lead Bromoiodide,Pb,Cs; FA; MA,TiO2-c | TiO2-mp,SLG | FTO,DMF; DMSO,SLG | FTO | TiO2-c | TiO2-mp | Perovskite | Spiro-MeOTAD | Au,500,86,30,1.6,1.11,20.1,0.69,15.5
167,10.1021/acsaem.0c02405,Hultqvist et al.,04/01/2021,CsFAMAPbBrI,Cesium Formamidinium Methylammonium Lead Bromoiodide,Pb,Cs; FA; MA,SnO2-c,SLG | FTO,DMF; DMSO,SLG | FTO | NiO-c | Perovskite | SnO2-c | AZO-c,500,60,20,1.6,0.67,0.4,0.17,3.5
168,10.1002/aenm.202003460,Li et al.,25/01/2021,MAPbI,Methylammonium Lead Iodide (MAPbI₃),Pb,MA,C60 | BCP,SLG | ITO,2-methoxyethanol; DMSO,A.R.C. | SLG | ITO | 2PACz | Perovskite | C60 | BCP | Cu,800,100,10,1.59,1.138,23.67,0.77,20.55
169,10.1002/aenm.202003460,Li et al.,25/01/2021,MAPbI,Methylammonium Lead Iodide (MAPbI₃),Pb,MA,C60 | BCP,SLG | ITO,2-methoxyethanol; DMSO,A.R.C. | SLG | ITO | 2PACz | Perovskite | C60 | BCP | Cu,800,90,10,1.58,1.119,23.686,0.76,19.59
170,10.1002/aenm.202003460,Li et al.,25/01/2021,MAPbI,Methylammonium Lead Iodide (MAPbI₃),Pb,MA,C60 | BCP,SLG | ITO,2-methoxyethanol; DMSO,A.R.C. | SLG | ITO | 2PACz | Perovskite | C60 | BCP | Cu,800,124,10,1.58,1.085,19.778,0.718,14.89
171,10.1016/j.matt.2020.11.011,Guangbao Wu et al.,03/02/2021,MA3Pb4,Methylammonium Lead(II) Halide,Pb,MA,C6O | BCP,Glass | ITO,DMF | CB,Glass | ITO | C6O | BCP | PTAA | Pb,500,100,30,1.62,1.25,19.33,76,18.42
172,10.1021/acsenergylett.0c02445,Lidón Gil-Escrig et al.,06/02/2021,CsFAPbBrI,"Cesium formamidinium lead bromide–iodide (CsFAPb(Br,I)₃)",Pb,Cs; FA,C60 | BCP,SLG | ITO,DMF; DMSO,ITO | MoO3 | TaTm | Perovskite | C60 | BCP | Ag,500,100,10,1.7,1.142,18.3,0.775,16.2
173,10.1021/acsenergylett.0c02445,Lidón Gil-Escrig et al.,06/02/2021,CsFAPbBrI,"Cesium formamidinium lead bromide–iodide (CsFAPb(Br,I)₃)",Pb,Cs; FA,C60 | BCP,SLG | ITO,DMF; DMSO,ITO | MoO3 | TaTm | Perovskite | C60 | BCP | Ag,500,100,10,1.73,1.151,17.7,0.775,15.9
174,10.1021/acsenergylett.0c02445,Lidón Gil-Escrig et al.,06/02/2021,CsFAPbBrI,"Cesium formamidinium lead bromide–iodide (CsFAPb(Br,I)₃)",Pb,Cs; FA,C60 | BCP,SLG | ITO,DMF; DMSO,ITO | MoO3 | TaTm | Perovskite | C60 | BCP | Ag,500,100,10,1.75,1.179,17,0.803,16.2
175,10.1021/acsenergylett.0c02445,Lidón Gil-Escrig et al.,06/02/2021,CsFAPbBrI,"Cesium formamidinium lead bromide–iodide (CsFAPb(Br,I)₃)",Pb,Cs; FA,C60 | BCP,SLG | ITO,DMF; DMSO,ITO | MoO3 | TaTm | Perovskite | C60 | BCP | Ag,500,100,10,1.77,1.208,16.6,0.761,15.5
176,10.1039/d1sc00359c,Linghai Zhang et al.,22/03/2021,MA2PbI4,Bis(methylammonium) lead(II) tetraiodide,Pb,MA,PCBM,ITO,DMF | CB,ITO | PCBM | PSS | Pb,200,100,30,2.4,1.5,10,70,10.5
177,10.1039/d1ma00020a,Angus Mathieson et al.,28/03/2021,MAPbX3,Methylammonium Lead Halide,Pb,MA,SnO2,FTO,DMF | CB,FTO | SnO2 | Spiro-OMeTAD | Pb,550,100,30,1.6,1.09,23,79,19.8
178,10.1039/d1ma00196e,Carlos A. LÃ³pez et al.,07/04/2021,NH3PbX3,Methylammonium Lead Halide,Pb,NH3,PCBM | C6O,ITO,DMF | DMSO,ITO | PCBM | C6O | PSS | Pb,400,80,10,1.902,1.05,18,70,13.3
179,10.1039/d0na00939c,Shiqi Sui et al.,04/05/2021,SnxPb1,Formamidinium Tin-Lead Triiodide,Sn,FA,TiO2 | SnO2,FTO,DMF | CB,FTO | TiO2 | SnO2 | Spiro-OMeTAD | Sn,500,140,30,3.03,1.72,7.5,70,8.9
180,10.1016/j.matt.2021.04.025,Fazel Bateni et al.,07/07/2021,CsPbCl3,Cesium Lead Chloride,Pb,Cs,SnO2,FTO | ITO,DMF | DMSO,FTO | ITO | SnO2 | Perovskite | Spiro-OMeTAD | Pb,800,150,30,1.55,1.25,23,81,22
181,10.1039/d1ma00491c,Cameron C. L. Underwood et al.,09/07/2021,A2Pb1,Bis(phenethylammonium) lead(II) tetraiodide,Pb,PEA; BA; EA,PCBM,ITO,DMF | CB,ITO | PCBM | PSS | Pb,500,80,10,1.55,0.85,26,75,16.5
182,10.1039/d1ma00561h,Arindam Mondal et al.,26/07/2021,R2PbX4,Bis(Ethylammonium) Lead(II) Tetrahalide,Pb,PEA; BA; EA,PCBM,ITO,DMF | CB,ITO | PCBM | PSS | Pb,500,250,40,2.33,1.3,14.5,75,14
183,10.1002/adfm.202105734,Xi et al.,26/07/2021,FAPbSnI,Formamidinium Lead Tin Iodide,Pb; Sn,FA,C60 | BCP,SLG | ITO,DMF; DMSO,SLG | ITO | PEDOT:PSS | Perovskite | C60 | BCP | Al,260,125,50,1.257,0.66,20.64,0.59,8.01
184,10.1002/aenm.202003460,Li et al.,18/10/2021,MAPbI,Methylammonium Lead Iodide,Pb,MA,C60 | BCP,SLG | ITO,2-methoxyethanol; DMSO,A.R.C. | SLG | ITO | 2PACz | Perovskite | C60 | BCP | Cu,800,100,50,1.59,1.138,23.67,0.77,20.55
185,10.1002/aenm.202003460,Li et al.,18/10/2021,MAPbI,Methylammonium Lead Iodide,Pb,MA,C60 | BCP,SLG | ITO,2-methoxyethanol; DMSO,A.R.C. | SLG | ITO | 2PACz | Perovskite | C60 | BCP | Cu,800,92,35,1.58,1.119,23.686,0.76,19.59
186,10.1002/aenm.202003460,Li et al.,18/10/2021,MAPbI,Methylammonium Lead Iodide,Pb,MA,C60 | BCP,SLG | ITO,2-methoxyethanol,A.R.C. | SLG | ITO | 2PACz | Perovskite | C60 | BCP | Cu,800,86,34,1.58,1.085,19.778,0.718,14.89
187,10.1016/j.xcrp.2021.100601,Siraj Sidhik et al.,20/10/2021,MA3Pb2I9,Trimethylammonium Dilithium Enneaiodide (Layered),Pb,MA,SnO2,FTO,DMF | CB,FTO | SnO2 | Li-doped NiOx | Pb,500,150,30,1.63,1.22,20.37,75,17.3
188,10.1016/j.xcrp.2021.100648,Jinsun Kim et al.,12/11/2021,(5-AVA)MAPbI,5-Ammonium Valeric Acid Methylammonium Lead Iodide,Pb,(5-AVA); MA,TiO2-c | TiO2-mp | ZrO2-mp,SLG | FTO | TiO2-c | TiO2-mp | ZrO2-mp,DMF | DMSO,SLG | FTO | TiO2-c | TiO2-mp | ZrO2-mp | Graphite | Perovskite,500,60,30,1.55,0.829,24.7,0.7,14.4
189,10.1016/j.xcrp.2021.100648,Jinsun Kim et al.,12/11/2021,(5-AVA)CsMAPbI,5-Ammonium Vacid Cesium Methylammonium Lead Iodide,Pb,(5-AVA); Cs; MA,TiO2-c | TiO2-mp | ZrO2-mp,SLG | FTO | TiO2-c | TiO2-mp | ZrO2-mp,DMF | DMSO,SLG | FTO | TiO2-c | TiO2-mp | ZrO2-mp | Graphite | Perovskite,500,60,30,1.6,0.863,24.8,0.67,14.3
190,10.1016/j.xcrp.2021.100648,Jinsun Kim et al.,12/11/2021,(5-AVAI)CsFAMAPbI,5-Ammonium Valeric Acid Iodide Cesium Formamidinium Methylammonium Lead Iodide,Pb,(5-AVAI); Cs; FA; MA,TiO2-c | TiO2-mp | ZrO2-mp,SLG | FTO | TiO2-c | TiO2-mp | ZrO2-mp,DMF | DMSO,SLG | FTO | TiO2-c | TiO2-mp | ZrO2-mp | Graphite | Perovskite,500,60,30,1.55,0.814,20.9,0.55,9.32
191,10.1039/d1ma01135a,Eti Mahal et al.,20/01/2022,(PEA)2PbI4,Bis(Phenethylammonium) Lead(II) Tetraiodide,Pb,PEA,PCBM | C6O,ITO,DMF | CB,ITO | PCBM | C6O | PSS | Pb,500,100,40,2.33,1.3,14.5,75,14
192,10.1039/d1ma01232k,Cameron Underwood et al.,24/01/2022,APbI3,Formamidinium Lead(II) Triiodide,Pb,MA; FA; Cs,C6O | PCBM,ITO,DMF | CB,ITO | C6O | PCBM | PSS | Pb,600,80,5,1.41,0.8,28.5,75,17.1
193,10.1021/acsenergylett.1c02836,Kim et al.,28/02/2022,MAPbBr,Methylammonium Lead Tribromide,Pb,MA,TiO2-c | TiO2-mp,SLG | FTO,DMF; DMSO,SLG | FTO | TiO2-c | TiO2-mp | Perovskite | Spiro-MeOTAD | Au,400,100,30,2.3,1.191,4.43,0.715,2.31
194,10.1021/acsenergylett.1c02847,Park et al.,02/03/2022,MAAgPbBr,Methylammonium Silver Lead Tribromide,Ag; Pb,MA,TiO2-c | TiO2-mp,SLG | FTO,DMF; DMSO,SLG | FTO | TiO2-c | TiO2-mp | Perovskite | Spiro-MeOTAD | Au,400,100,30,2.3,0.902,3.65,0.72,2.1
195,10.1021/acsenergylett.1c02853,Venugopalan et al.,11/03/2022,MAAgPbBr,Methylammonium Silver Lead Tribromide,Ag; Pb,MA,TiO2-c | TiO2-mp,SLG | FTO,DMF; DMSO,SLG | FTO | TiO2-c | TiO2-mp | Perovskite | Spiro-MeOTAD | Au,400,105,30,2.3,1.188,3.42,0.735,2.35
196,10.1016/j.isci.2022.104057,Marta Morana et al.,15/04/2022,DA2PbI4,Bis(Dodecylammonium) Lead(II) Tetraiodide,Pb,DA; DAPAI,PCBM,ITO,DMF | Toluene,ITO | PCBM | PSS | Pb,730,150,30,2.28,1.25,15.5,75,14.5
197,10.1039/d2ma00258b,Lina Jaya Diguna et al.,17/05/2022,BA2PbBr4,Bis(butylammonium) lead(II) tetrabromide,Pb,BA,TiO2,FTO | ITO,DMF | DMSO,FTO | ITO | TiO2 | Perovskite | Spiro-OMeTAD | Pb,500,100,30,3.44,1.05,23,78,18.5
198,10.21203/rs.3.rs-1722290/v1,Dagar et al.,03/06/2022,CsFAMAPbBrI,Cesium Formamidinium Methylammonium Lead Bromoiodide,Pb,Cs; FA; MA,SnO2,SLG | ITO,DMF; DMSO; GBL,SLG | ITO | SnO2 | Perovskite | Spiro-MeOTAD | Au,650,150,20,1.63,0.627,3.86,0.22,0.58
199,10.21203/rs.3.rs-1722290/v1,Dagar et al.,03/06/2022,CsFAMAPbBrI,Cesium Formamidinium Methylammonium Lead Bromoiodide,Pb,Cs; FA; MA,SnO2,SLG | ITO,DMF; DMSO; GBL,SLG | ITO | SnO2 | Perovskite | Spiro-MeOTAD | Au,650,120,20,1.63,0.675,9.61,0.23,1.58
200,10.21203/rs.3.rs-1722290/v1,Dagar et al.,03/06/2022,CsFAMAPbBrI,Cesium Formamidinium Methylammonium Lead Bromoiodide,Pb,Cs; FA; MA,SnO2,SLG | ITO,DMF; DMSO; GBL,SLG | ITO | SnO2 | Perovskite | Spiro-MeOTAD | Au,650,120,28,1.63,0.768,21.22,0.42,7.07
201,10.21203/rs.3.rs-1722290/v1,Dagar et al.,03/06/2022,CsFAMAPbBrI,Cesium Formamidinium Methylammonium Lead Bromoiodide,Pb,Cs; FA; MA,SnO2,SLG | ITO,DMF; DMSO; GBL,SLG | ITO | SnO2 | Perovskite | Spiro-MeOTAD | Au,650,149,40,1.63,0.891,21.59,0.49,9.46
202,10.21203/rs.3.rs-1722290/v1,Dagar et al.,03/06/2022,CsFAMAPbBrI,Cesium Formamidinium Methylammonium Lead Bromoiodide,Pb,Cs; FA; MA,SnO2,SLG | ITO,DMF; DMSO; GBL,SLG | ITO | SnO2 | Perovskite | Spiro-MeOTAD | Au,650,110,36,1.63,0.874,20.41,0.44,7.81
203,10.21203/rs.3.rs-1722290/v1,Dagar et al.,03/06/2022,CsFAMAPbBrI,Cesium Formamidinium Methylammonium Lead Bromoiodide,Pb,Cs; FA; MA,SnO2,SLG | ITO,DMF; DMSO; GBL,SLG | ITO | SnO2 | Perovskite | Spiro-MeOTAD | Au,650,139,20,1.63,0.691,18.4,0.44,6.79
204,10.21203/rs.3.rs-1722290/v1,Dagar et al.,03/06/2022,CsFAMAPbBrI,Cesium Formamidinium Methylammonium Lead Bromoiodide,Pb,Cs; FA; MA,SnO2,SLG | ITO,DMF; DMSO; GBL,SLG | ITO | SnO2 | Perovskite | Spiro-MeOTAD | Au,650,96,26,1.63,0.836,20.79,0.53,8.2
205,10.21203/rs.3.rs-1722290/v1,Dagar et al.,03/06/2022,CsFAMAPbBrI,Cesium Formamidinium Methylammonium Lead Bromoiodide,Pb,Cs; FA; MA,SnO2,SLG | ITO,DMF; DMSO; GBL,SLG | ITO | SnO2 | Perovskite | Spiro-MeOTAD | Au,650,245,33,1.63,0.878,19.33,0.46,8.89
206,10.21203/rs.3.rs-1722290/v1,Dagar et al.,03/06/2022,CsFAMAPbBrI,Cesium Formamidinium Methylammonium Lead Bromoiodide,Pb,Cs; FA; MA,SnO2,SLG | ITO,DMF; DMSO; GBL,SLG | ITO | SnO2 | Perovskite | Spiro-MeOTAD | Au,650,260,37,1.63,0.885,20.91,0.53,10.16
207,10.21203/rs.3.rs-1722290/v1,Dagar et al.,03/06/2022,CsFAMAPbBrI,Cesium Formamidinium Methylammonium Lead Bromoiodide,Pb,Cs; FA; MA,SnO2,SLG | ITO,DMF; DMSO; GBL,SLG | ITO | SnO2 | Perovskite | Spiro-MeOTAD | Au,650,244,30,1.63,0.868,19.96,0.49,8.78
208,10.21203/rs.3.rs-1722290/v1,Dagar et al.,03/06/2022,CsFAMAPbBrI,Cesium Formamidinium Methylammonium Lead Bromoiodide,Pb,Cs; FA; MA,SnO2,SLG | ITO,DMF; DMSO; GBL,SLG | ITO | SnO2 | Perovskite | Spiro-MeOTAD | Au,650,222,25,1.63,0.73,21.6,0.48,7.61
209,10.21203/rs.3.rs-1722290/v1,Dagar et al.,03/06/2022,CsFAMAPbBrI,Cesium Formamidinium Methylammonium Lead Bromoiodide,Pb,Cs; FA; MA,SnO2,SLG | ITO,DMF; DMSO; GBL,SLG | ITO | SnO2 | Perovskite | Spiro-MeOTAD | Au,650,120,44,1.63,0.935,20.84,0.59,11.74
210,10.1016/j.isci.2022.104450,Alberto Cuquejo-Cid et al.,17/06/2022,(PEA)2PbI4,Bis(phenethylammonium) lead(II) tetraiodide,Pb,PEA,SnO2,FTO | ITO,DMF | DMSO,FTO | ITO | SnO2 | Perovskite | Spiro-OMeTAD | Pb,500,100,30,1.55,1.1,24.28,74.21,20.06
211,10.1016/j.matt.2022.04.030,Jiali Peng et al.,06/07/2022,BA2PbBr4,Bis(butylammonium) lead(II) tetrabromide,Pb,BA,SnO2,FTO,DMF | CB,FTO | SnO2 | Spiro-OMeTAD | Pb,550,140,30,1.65,1.15,21,80,19.3
212,10.1038/s43246-022-00285-9,Tik Lun Leung et al.,06/09/2022,PEA2PbI4,,Pb,PEA,C6O | SnO2,ITO | SnO2,DMF | DMSO,ITO | SnO2 | C6O | SnO2 | PTAA | Pb,500,100,40,2.43,1.3,14.5,0.75,14
213,10.1016/j.mtchem.2023.101455,D. Kowal et al.,13/02/2023,EA2PbBr4,Bis(phenethylammonium) lead(II) tetrabromide,Pb,PEA,C6O | SnO2,ITO | SnO2,DMF | DMSO,ITO | SnO2 | C6O | SnO2 | PTAA | Pb,500,100,40,2.43,1.3,14.5,75,14
214,10.1016/j.matt.2023.02.003,Xiao Yang et al.,05/04/2023,CsPbX3,Cesium Lead Halide,Pb,Cs,TiO2 | ZnO,ITO,ODE | OLA,ITO | TiO2 | ZnO | PTAA | NiOx | Pb,150,80,30,2.39,1.5,10,70,10.5
215,10.1016/j.orgel.2023.106843,Mari Carmen LÃ³pez-GonzÃ¡lez et al.,30/04/2023,MAPbX3,Methylammonium Lead Halide,Pb,MA,PCBM,ITO,DMF | DMSO,ITO | PCBM | PSS | Pb,500,100,30,0.08,1.14,21.1,79.5,19.1
216,10.3390/ma16155352,Sahayaraj et al.,25/07/2023,FAPbI3,Formamidinium lead iodide - (FAPbI3),Pb,FA,TiO2-c| TiO2-mp,SLG | FTO,DMF;DMSO,SLG|FTO|TiO2-c|TiO2-mp|Perovskite|Spiro-MeOTAD|Au,750,150,44,1.54,0.96,29.5,0.78,0.22
217,10.1039/d3sc02109b,Keqiang Chen et al.,27/07/2023,CsPbX3,Cesium Lead Halide,Pb,Cs,TiO2,FTO | ITO,n-Hexane | TBA,FTO | ITO | TiO2 | Perovskite | Spiro-OMeTAD | Pb,500,25,40,1.73,1.2,20,80,21
218,10.1039/d3ma00285c,Luo et al.,02/08/2023,FAPbI3,Formamidinium lead iodide - (FAPbI3),Pb,FA,SnO2,PET | ITO,deionized water| IPA (2-propanol),ITO/SnOâ‚‚/perovskite/Spiro-OMeTAD/Ag PSCs,3000,100,23,1.59,0.8,12,0.69,17.7
219,10.1039/d3sc02946h,Yu Ma et al.,31/08/2023,MAxPb2,Bis(methylammonium) lead(II) tetrahalide,Pb,MA,TiO2 | SnO2,FTO,DMF | DMSO,FTO | TiO2 | SnO2 | Spiro-OMeTAD | Pb,550,100,40,2.33,1.5,13,72,14
220,10.1016/j.matt.2023.06.040,Tonghui Wang et al.,06/09/2023,CsyPb,Dicesium Lead Tetrahalide,Pb,Cs,PCBM | C6O,ITO,DMF | CB,ITO | PCBM | C6O | PSS | Pb,200,140,25,1.7,1.25,17.5,80,17
221,10.1002/solr.202300770,Cuzzupè G. et al.,11/10/2023,(PEA)FASnI,Phenylethylammonium Formamidinium Tin Iodide,Sn,(PEA); FA,ICBA | BCP,SLG | ITO,DMF; DMSO,SLG | ITO | PEDOT:PSS | Perovskite | ICBA | BCP | Ag,400,100,30,1.42,0.613,20.659,0.553,6.99
222,10.1002/solr.202300770,Cuzzupè G. et al.,11/10/2023,(PEA)FASnI,Phenylethylammonium Formamidinium Tin Iodide,Sn,(PEA); FA,ICBA | BCP,SLG | ITO,DMF; DMSO,SLG | ITO | PEDOT:PSS | Perovskite | ICBA | BCP | Ag,400,100,30,1.42,0.615,20.596,0.531,6.72
223,10.1002/solr.202300770,Cuzzupè G. et al.,11/10/2023,(PEA)FASnI,Phenylethylammonium Formamidinium Tin Iodide,Sn,(PEA); FA,ICBA | BCP,SLG | ITO,DMF; DMSO,SLG | ITO | PEDOT:PSS | Perovskite | ICBA | BCP | Ag,400,100,30,1.42,0.63,16.92,0.555,5.9
224,10.1002/solr.202300770,Cuzzupè G. et al.,11/10/2023,(PEA)FASnI,Phenylethylammonium Formamidinium Tin Iodide,Sn,(PEA); FA,ICBA | BCP,SLG | ITO,DMF; DMSO,SLG | ITO | PEDOT:PSS | Perovskite | ICBA | BCP | Ag,400,100,30,1.42,0.628,19.122,0.594,7.13
225,10.1002/solr.202300770,Cuzzupè G. et al.,11/10/2023,(PEA)FASnI,Phenylethylammonium Formamidinium Tin Iodide,Sn,(PEA); FA,ICBA | BCP,SLG | ITO,DMF; DMSO,SLG | ITO | PEDOT:PSS | Perovskite | ICBA | BCP | Ag,400,100,30,1.42,0.613,17.632,0.475,5.13
226,10.1002/solr.202300770,Cuzzupè G. et al.,11/10/2023,(PEA)FASnI,Phenylethylammonium Formamidinium Tin Iodide,Sn,(PEA); FA,ICBA | BCP,SLG | ITO,DMF; DMSO,SLG | ITO | PEDOT:PSS | Perovskite | ICBA | BCP | Ag,400,100,30,1.42,0.612,14.597,0.51,4.55
227,10.1002/solr.202300770,Cuzzupè G. et al.,11/10/2023,(PEA)FASnI,Phenylethylammonium Formamidinium Tin Iodide,Sn,(PEA); FA,ICBA | BCP,SLG | ITO,DMF; DMSO,SLG | ITO | PEDOT:PSS | Perovskite | ICBA | BCP | Ag,400,100,30,1.42,0.571,19.953,0.457,5.2
228,10.1002/solr.202300770,Cuzzupè G. et al.,11/10/2023,(PEA)FASnI,Phenylethylammonium Formamidinium Tin Iodide,Sn,(PEA); FA,ICBA | BCP,SLG | ITO,DMF; DMSO,SLG | ITO | PEDOT:PSS | Perovskite | ICBA | BCP | Ag,400,100,30,1.42,0.594,21.11,0.484,6.06
229,10.1002/solr.202300770,Cuzzupè G. et al.,11/10/2023,(PEA)FASnI,Phenylethylammonium Formamidinium Tin Iodide,Sn,(PEA); FA,ICBA | BCP,SLG | ITO,DMF; DMSO,SLG | ITO | PEDOT:PSS | Perovskite | ICBA | BCP | Ag,400,100,30,1.42,0.493,20.32,0.539,5.39
230,10.1002/solr.202300770,Cuzzupè G. et al.,11/10/2023,(PEA)FASnI,Phenylethylammonium Formamidinium Tin Iodide,Sn,(PEA); FA,ICBA | BCP,SLG | ITO,DMF; DMSO,SLG | ITO | PEDOT:PSS | Perovskite | ICBA | BCP | Ag,400,100,30,1.42,0.453,21.596,0.528,5.16
231,10.1002/solr.202300770,Cuzzupè G. et al.,11/10/2023,(PEA)FASnI,Phenylethylammonium Formamidinium Tin Iodide,Sn,(PEA); FA,ICBA | BCP,SLG | ITO,DMF; DMSO,SLG | ITO | PEDOT:PSS | Perovskite | ICBA | BCP | Ag,400,100﻿,30,1.42,0.488,19.343,0.518,4.88
232,10.1002/solr.202300770,Cuzzupè G. et al.,11/10/2023,(PEA)FASnI,Phenylethylammonium Formamidinium Tin Iodide,Sn,(PEA); FA,ICBA | BCP,SLG | ITO,DMF; DMSO,SLG | ITO | PEDOT:PSS | Perovskite | ICBA | BCP | Ag,400,100,30,1.42,0.479,20.885,0.497,4.97
233,10.1002/solr.202300770,Cuzzupè G. et al.,11/10/2023,(PEA)FASnI,Phenylethylammonium Formamidinium Tin Iodide,Sn,(PEA); FA,ICBA | BCP,SLG | ITO,DMF; DMSO,SLG | ITO | PEDOT:PSS | Perovskite | ICBA | BCP | Ag,400﻿,100,30,1.42,0.416,17.174,0.581,4.15
234,10.3390/cryst13111566,Yang et al.,02/11/2023,CsPbBr3,cesium lead bromide - (CsPbBr3),Pb,Cs,Ti3C 2Tx|O-Ti3C 2Tx|SnO2,SLG|SiO 2|Si,C7H8| C4H8O2,FTO| CsPBr3 | Ti 3C 2| Au | FTO | CsPBr3C2Tx | Au,700,140,30,1.6,1.444,8.54,0.7308,9.01
235,10.1016/j.xcrp.2023.101739,Yi Wei et al.,20/12/2023,MA8Pb9,Phenethylammonium Methylammonium Lead(II) Halide,Pb,MA,PCBM,ITO,DMF | CB,ITO | PCBM | PSS | Pb,500,100,25,1.59,1.07,21.2,67,15.09
236,10.1016/j.xcrp.2024.102058,Chen Chen et al.,17/07/2024,CsFAMAPbBrI,Cesium Formamidinium Methylammonium Lead Bromoiodide,Pb,Cs; FA; MA,PAA | PCBM-60 | BCP,SLG | ITO,DMF; DMSO,SLG | ITO | 2PACz | Perovskite | PAA | PCBM-60 | BCP | Ag,690,120,20,1.54,1.09,19.9,0.722,15.67
237,10.1016/j.xcrp.2024.102058,Chen Chen et al.,17/07/2024,CsFAMAPbBrI,Cesium Formamidinium Methylammonium Lead Bromoiodide,Pb,Cs; FA; MA,PAA | PCBM-60 | BCP,SLG | ITO,DMF; DMSO,SLG | ITO | 2PACz | Perovskite | PAA | PCBM-60 | BCP | Ag,690,120,20,1.54,1.052,18.4,0.718,13.86
238,10.1016/j.xcrp.2024.102058,Chen Chen et al.,17/07/2024,CsFAMAPbBrI,Cesium Formamidinium Methylammonium Lead Bromoiodide,Pb,Cs; FA; MA,PAA | PCBM-60 | BCP,SLG | ITO,DMF; DMSO,SLG | ITO | 2PACz | Perovskite | PAA | PCBM-60 | BCP | Ag,690,120,20,1.54,1.03,17.1,0.71,12.56
239,10.1016/j.xcrp.2024.102058,Chen Chen et al.,17/07/2024,CsFAMAPbBrI,Cesium Formamidinium Methylammonium Lead Bromoiodide,Pb,Cs; FA; MA,PAA | PCBM-60 | BCP,SLG | ITO,DMF; DMSO,SLG | ITO | 2PACz | Perovskite | PAA | PCBM-60 | BCP | Ag,690,120,20,1.54,1.02,15.7,0.689,11.06
240,10.1016/j.xcrp.2024.102058,Chen Chen et al.,17/07/2024,CsFAMAPbBrI,Cesium Formamidinium Methylammonium Lead Bromoiodide,Pb,Cs; FA; MA,PAA | PCBM-60 | BCP,SLG | ITO,DMF; DMSO,SLG | ITO | 2PACz | Perovskite | PAA | PCBM-60 | BCP | Ag,690,100,20,1.54,1.09,20.3,0.714,15.72
241,10.1016/j.xcrp.2024.102058,Chen Chen et al.,17/07/2024,CsFAMAPbBrI,Cesium Formamidinium Methylammonium Lead Bromoiodide,Pb,Cs; FA; MA,PAA | PCBM-60 | BCP,SLG | ITO,DMF; DMSO,SLG | ITO | 2PACz | Perovskite | PAA | PCBM-60 | BCP | Ag,690,100,25,1.54,1.06,18.9,0.708,14.17
242,10.1016/j.xcrp.2024.102058,Chen Chen et al.,17/07/2024,CsFAMAPbBrI,Cesium Formamidinium Methylammonium Lead Bromoiodide,Pb,Cs; FA; MA,PAA | PCBM-60 | BCP,SLG | ITO,DMF; DMSO,SLG | ITO | 2PACz | Perovskite | PAA | PCBM-60 | BCP | Ag,690,100,30,1.54,1.05,18.2,0.7,13.34
243,10.1016/j.xcrp.2024.102058,Chen Chen et al.,17/07/2024,CsFAMAPbBrI,Cesium Formamidinium Methylammonium Lead Bromoiodide,Pb,Cs; FA; MA,PAA | PCBM-60 | BCP,SLG | ITO,DMF; DMSO,SLG | ITO | 2PACz | Perovskite | PAA | PCBM-60 | BCP | Ag,690,100,30,1.54,1.04,17.4,0.701,12.68
244,10.1016/j.xcrp.2024.102058,Chen Chen et al.,17/07/2024,CsFAMAPbBrI,Cesium Formamidinium Methylammonium Lead Bromoiodide,Pb,Cs; FA; MA,PAA | PCBM-60 | BCP,SLG | ITO,DMF; DMSO,SLG | ITO | 2PACz | Perovskite | PAA | PCBM-60 | BCP | Ag,690,85,35,1.54,1.07,20.7,0.717,15.86
245,10.1016/j.xcrp.2024.102058,Chen Chen et al.,17/07/2024,CsFAMAPbBrI,Cesium Formamidinium Methylammonium Lead Bromoiodide,Pb,Cs; FA; MA,PAA | PCBM-60 | BCP,SLG | ITO,DMF; DMSO,SLG | ITO | 2PACz | Perovskite | PAA | PCBM-60 | BCP | Ag,690,85,35,1.54,1.05,19.5,0.713,14.58
246,10.1016/j.xcrp.2024.102058,Chen Chen et al.,17/07/2024,CsFAMAPbBrI,Cesium Formamidinium Methylammonium Lead Bromoiodide,Pb,Cs; FA; MA,PAA | PCBM-60 | BCP,SLG | ITO,DMF; DMSO,SLG | ITO | 2PACz | Perovskite | PAA | PCBM-60 | BCP | Ag,690,85,35,1.54,1.04,18.1,0.71,13.29
247,10.1016/j.xcrp.2024.102058,Chen Chen et al.,17/07/2024,CsFAMAPbBrI,Cesium Formamidinium Methylammonium Lead Bromoiodide,Pb,Cs; FA; MA,PAA | PCBM-60 | BCP,SLG | ITO,DMF; DMSO,SLG | ITO | 2PACz | Perovskite | PAA | PCBM-60 | BCP | Ag,690,95,50,1.54,1.03,16.5,0.702,11.91
248,10.1016/j.xcrp.2024.102058,Chen Chen et al.,17/07/2024,CsFAMAPbBrI,Cesium Formamidinium Methylammonium Lead Bromoiodide,Pb,Cs; FA; MA,PAA | PCBM-60 | BCP,SLG | ITO,DMF; DMSO,SLG | ITO | 2PACz | Perovskite | PAA | PCBM-60 | BCP | Ag,690,95,50,1.54,1.1,19.2,0.717,15.07
249,10.1016/j.xcrp.2024.102058,Chen Chen et al.,17/07/2024,CsFAMAPbBrI,Cesium Formamidinium Methylammonium Lead Bromoiodide,Pb,Cs; FA; MA,PAA | PCBM-60 | BCP,SLG | ITO,DMF; DMSO,SLG | ITO | 2PACz | Perovskite | PAA | PCBM-60 | BCP | Ag,690,95,50,1.54,1.07,20.5,0.722,15.87
250,10.1016/j.xcrp.2024.102058,Chen Chen et al.,17/07/2024,CsFAMAPbBrI,Cesium Formamidinium Methylammonium Lead Bromoiodide,Pb,Cs; FA; MA,PAA | PCBM-60 | BCP,SLG | ITO,DMF; DMSO,SLG | ITO | 2PACz | Perovskite | PAA | PCBM-60 | BCP | Ag,690,95,35,1.54,1.06,20.2,0.714,15.33
251,10.1016/j.xcrp.2024.102058,Chen Chen et al.,17/07/2024,CsFAMAPbBrI,Cesium Formamidinium Methylammonium Lead Bromoiodide,Pb,Cs; FA; MA,PAA | PCBM-60 | BCP,SLG | ITO,DMF; DMSO,SLG | ITO | 2PACz | Perovskite | PAA | PCBM-60 | BCP | Ag,690,95,50,1.54,1.05,19.6,0.705,14.53
252,10.1016/j.xcrp.2024.102058,Chen Chen et al.,17/07/2024,CsFAMAPbBrI,Cesium Formamidinium Methylammonium Lead Bromoiodide,Pb,Cs; FA; MA,PCBM-60 | BCP,SLG | ITO,DMF; DMSO,SLG | ITO | 2PACz | Perovskite | PCBM-60 | BCP | Ag,690,95,35,1.54,1.07,19.8,0.7,14.8
253,10.1016/j.xcrp.2024.102058,Chen Chen et al.,17/07/2024,CsFAMAPbBrI,Cesium Formamidinium Methylammonium Lead Bromoiodide,Pb,Cs; FA; MA,PCBM-60 | BCP,SLG | ITO,DMF; DMSO,SLG | ITO | 2PACz | Perovskite | PCBM-60 | BCP | Ag,690,90,35,1.54,1.06,19,0.709,14.25
254,10.1016/j.xcrp.2024.102058,Chen Chen et al.,17/07/2024,CsFAMAPbBrI,Cesium Formamidinium Methylammonium Lead Bromoiodide,Pb,Cs; FA; MA,PCBM-60 | BCP,SLG | ITO,DMF; DMSO,SLG | ITO | 2PACz | Perovskite | PCBM-60 | BCP | Ag,690,90,35,1.54,1.05,18.6,0.702,13.69
255,10.1016/j.xcrp.2024.102058,Chen Chen et al.,17/07/2024,CsFAMAPbBrI,Cesium Formamidinium Methylammonium Lead Bromoiodide,Pb,Cs; FA; MA,PCBM-60 | BCP,SLG | ITO,DMF; DMSO,SLG | ITO | 2PACz | Perovskite | PCBM-60 | BCP | Ag,690,90,25,1.54,1.05,18.1,0.69,13.09
256,10.1016/j.xcrp.2024.102058,Chen Chen et al.,17/07/2024,CsFAMAPbBrI,Cesium Formamidinium Methylammonium Lead Bromoiodide,Pb,Cs; FA; MA,PCBM-60 | BCP,SLG | ITO,DMF; DMSO,SLG | ITO | 2PACz | Perovskite | PCBM-60 | BCP | Ag,690,150,25,1.54,1.04,18.4,0.706,13.54
257,10.1016/j.xcrp.2024.102058,Chen Chen et al.,17/07/2024,CsFAMAPbBrI,Cesium Formamidinium Methylammonium Lead Bromoiodide,Pb,Cs; FA; MA,PCBM-60 | BCP,SLG | ITO,DMF; DMSO,SLG | ITO | 2PACz | Perovskite | PCBM-60 | BCP | Ag,690,150,25,1.54,1.03,15.8,0.693,11.31
258,10.1016/j.xcrp.2024.102058,Chen Chen et al.,17/07/2024,CsFAMAPbBrI,Cesium Formamidinium Methylammonium Lead Bromoiodide,Pb,Cs; FA; MA,PAA | PCBM-60 | BCP,SLG | ITO,DMF; DMSO,SLG | ITO | MeO-2PACz | Perovskite | PAA | PCBM-60 | BCP | Ag,690,120,25,1.54,0.94,21.5,0.805,16.25
259,10.1016/j.xcrp.2024.102058,Chen Chen et al.,17/07/2024,CsFAMAPbBrI,Cesium Formamidinium Methylammonium Lead Bromoiodide,Pb,Cs; FA; MA,PAA | PCBM-60 | BCP,SLG | ITO,DMF; DMSO,SLG | ITO | MeO-2PACz | Perovskite | PAA | PCBM-60 | BCP | Ag,690,120,30,1.54,0.949,21.4,0.81,16.47
260,10.1016/j.xcrp.2024.102058,Chen Chen et al.,17/07/2024,CsFAMAPbBrI,Cesium Formamidinium Methylammonium Lead Bromoiodide,Pb,Cs; FA; MA,PAA | PCBM-60 | BCP,SLG | ITO,DMF; DMSO,SLG | ITO | MeO-2PACz | Perovskite | PAA | PCBM-60 | BCP | Ag,690,120,30,1.54,0.989,21.6,0.801,17.12
261,10.1016/j.xcrp.2024.102058,Chen Chen et al.,17/07/2024,CsFAMAPbBrI,Cesium Formamidinium Methylammonium Lead Bromoiodide,Pb,Cs; FA; MA,PAA | PCBM-60 | BCP,SLG | ITO,DMF; DMSO,SLG | ITO | MeO-2PACz | Perovskite | PAA | PCBM-60 | BCP | Ag,690,100,30,1.54,0.999,22.3,0.796,17.75
262,10.1016/j.xcrp.2024.102058,Chen Chen et al.,17/07/2024,CsFAMAPbBrI,Cesium Formamidinium Methylammonium Lead Bromoiodide,Pb,Cs; FA; MA,PAA | PCBM-60 | BCP,SLG | ITO,DMF; DMSO,SLG | ITO | MeO-2PACz | Perovskite | PAA | PCBM-60 | BCP | Ag,690,100,50,1.54,0.903,22.2,0.794,15.89
263,10.1016/j.xcrp.2024.102058,Chen Chen et al.,17/07/2024,CsFAMAPbBrI,Cesium Formamidinium Methylammonium Lead Bromoiodide,Pb,Cs; FA; MA,PAA | PCBM-60 | BCP,SLG | ITO,DMF; DMSO,SLG | ITO | MeO-2PACz | Perovskite | PAA | PCBM-60 | BCP | Ag,690,100,35,1.54,0.962,22.1,0.793,16.87
264,10.1016/j.xcrp.2024.102058,Chen Chen et al.,17/07/2024,CsFAMAPbBrI,Cesium Formamidinium Methylammonium Lead Bromoiodide,Pb,Cs; FA; MA,PAA | PCBM-60 | BCP,SLG | ITO,DMF; DMSO,SLG | ITO | MeO-2PACz | Perovskite | PAA | PCBM-60 | BCP | Ag,690,100,25,1.54,0.991,22.1,0.792,17.31
265,10.1016/j.xcrp.2024.102058,Chen Chen et al.,17/07/2024,CsFAMAPbBrI,Cesium Formamidinium Methylammonium Lead Bromoiodide,Pb,Cs; FA; MA,PAA | PCBM-60 | BCP,SLG | ITO,DMF; DMSO,SLG | ITO | MeO-2PACz | Perovskite | PAA | PCBM-60 | BCP | Ag,690,100,30,1.54,0.99,22.3,0.795,17.75
266,10.1016/j.xcrp.2024.102058,Chen Chen et al.,17/07/2024,CsFAMAPbBrI,Cesium Formamidinium Methylammonium Lead Bromoiodide,Pb,Cs; FA; MA,PAA | PCBM-60 | BCP,SLG | ITO,DMF; DMSO,SLG | ITO | MeO-2PACz | Perovskite | PAA | PCBM-60 | BCP | Ag,690,100,25,1.54,0.985,22.1,0.781,17.03
267,10.1016/j.xcrp.2024.102058,Chen Chen et al.,17/07/2024,CsFAMAPbBrI,Cesium Formamidinium Methylammonium Lead Bromoiodide,Pb,Cs; FA; MA,PAA | PCBM-60 | BCP,SLG | ITO,DMF; DMSO,SLG | ITO | MeO-2PACz | Perovskite | PAA | PCBM-60 | BCP | Ag,690,80,50,1.54,0.98,22.4,0.794,17.46
268,10.1016/j.xcrp.2024.102058,Chen Chen et al.,17/07/2024,CsFAMAPbBrI,Cesium Formamidinium Methylammonium Lead Bromoiodide,Pb,Cs; FA; MA,PAA | PCBM-60 | BCP,SLG | ITO,DMF; DMSO,SLG | ITO | MeO-2PACz | Perovskite | PAA | PCBM-60 | BCP | Ag,690,85,25,1.54,0.971,22.7,0.804,17.7
269,10.1016/j.xcrp.2024.102058,Chen Chen et al.,17/07/2024,CsFAMAPbBrI,Cesium Formamidinium Methylammonium Lead Bromoiodide,Pb,Cs; FA; MA,PAA | PCBM-60 | BCP,SLG | ITO,DMF; DMSO,SLG | ITO | MeO-2PACz | Perovskite | PAA | PCBM-60 | BCP | Ag,690,80,50,1.54,0.978,22.9,0.804,18
270,10.1016/j.xcrp.2024.102058,Chen Chen et al.,17/07/2024,CsFAMAPbBrI,Cesium Formamidinium Methylammonium Lead Bromoiodide,Pb,Cs; FA; MA,PAA | PCBM-60 | BCP,SLG | ITO,DMF; DMSO,SLG | ITO | MeO-2PACz | Perovskite | PAA | PCBM-60 | BCP | Ag,690,85,25,1.54,0.986,22.3,0.802,17.62
271,10.1016/j.xcrp.2024.102058,Chen Chen et al.,17/07/2024,CsFAMAPbBrI,Cesium Formamidinium Methylammonium Lead Bromoiodide,Pb,Cs; FA; MA,PAA | PCBM-60 | BCP,SLG | ITO,DMF; DMSO,SLG | ITO | MeO-2PACz | Perovskite | PAA | PCBM-60 | BCP | Ag,690,80,25,1.54,0.983,22,0.803,17.4
272,10.1016/j.xcrp.2024.102058,Chen Chen et al.,17/07/2024,CsFAMAPbBrI,Cesium Formamidinium Methylammonium Lead Bromoiodide,Pb,Cs; FA; MA,PCBM-60 | BCP,SLG | ITO,DMF; DMSO,SLG | ITO | MeO-2PACz | Perovskite | PCBM-60 | BCP | Ag,690,85,30,1.54,0.898,21.9,0.741,14.56
273,10.1016/j.xcrp.2024.102058,Chen Chen et al.,17/07/2024,CsFAMAPbBrI,Cesium Formamidinium Methylammonium Lead Bromoiodide,Pb,Cs; FA; MA,PCBM-60 | BCP,SLG | ITO,DMF; DMSO,SLG | ITO | MeO-2PACz | Perovskite | PCBM-60 | BCP | Ag,690,80,30,1.54,0.935,21.8,0.627,12.76
274,10.1016/j.xcrp.2024.102058,Chen Chen et al.,17/07/2024,CsFAMAPbBrI,Cesium Formamidinium Methylammonium Lead Bromoiodide,Pb,Cs; FA; MA,PCBM-60 | BCP,SLG | ITO,DMF; DMSO,SLG | ITO | MeO-2PACz | Perovskite | PCBM-60 | BCP | Ag,690,85,30,1.54,0.974,22,0.752,16.12
275,10.1016/j.xcrp.2024.102058,Chen Chen et al.,17/07/2024,CsFAMAPbBrI,Cesium Formamidinium Methylammonium Lead Bromoiodide,Pb,Cs; FA; MA,PCBM-60 | BCP,SLG | ITO,DMF; DMSO,SLG | ITO | MeO-2PACz | Perovskite | PCBM-60 | BCP | Ag,690,85,30,1.54,0.963,22.1,0.764,16.27
276,10.1016/j.xcrp.2024.102058,Chen Chen et al.,17/07/2024,CsFAMAPbBrI,Cesium Formamidinium Methylammonium Lead Bromoiodide,Pb,Cs; FA; MA,PCBM-60 | BCP,SLG | ITO,DMF; DMSO,SLG | ITO | MeO-2PACz | Perovskite | PCBM-60 | BCP | Ag,690,80,35,1.54,0.975,22.3,0.759,16.53
277,10.1016/j.xcrp.2024.102058,Chen Chen et al.,17/07/2024,CsFAMAPbBrI,Cesium Formamidinium Methylammonium Lead Bromoiodide,Pb,Cs; FA; MA,PAA | PCBM-60 | BCP,SLG | ITO,DMF; DMSO,SLG | ITO | NiO-np | 2PACz | Perovskite | PAA | PCBM-60 | BCP | Ag,690,100,35,1.54,1.05,22.1,0.63,14.54
278,10.1016/j.xcrp.2024.102058,Chen Chen et al.,17/07/2024,CsFAMAPbBrI,Cesium Formamidinium Methylammonium Lead Bromoiodide,Pb,Cs; FA; MA,PAA | PCBM-60 | BCP,SLG | ITO,DMF; DMSO,SLG | ITO | NiO-np | 2PACz | Perovskite | PAA | PCBM-60 | BCP | Ag,690,150,35,1.54,1.07,22.6,0.718,17.38
279,10.1016/j.xcrp.2024.102058,Chen Chen et al.,17/07/2024,CsFAMAPbBrI,Cesium Formamidinium Methylammonium Lead Bromoiodide,Pb,Cs; FA; MA,PAA | PCBM-60 | BCP,SLG | ITO,DMF; DMSO,SLG | ITO | NiO-np | 2PACz | Perovskite | PAA | PCBM-60 | BCP | Ag,690,130,35,1.54,1.07,21.7,0.726,16.82
280,10.1016/j.xcrp.2024.102058,Chen Chen et al.,17/07/2024,CsFAMAPbBrI,Cesium Formamidinium Methylammonium Lead Bromoiodide,Pb,Cs; FA; MA,PAA | PCBM-60 | BCP,SLG | ITO,DMF; DMSO,SLG | ITO | NiO-np | 2PACz | Perovskite | PAA | PCBM-60 | BCP | Ag,690,130,20,1.54,1.07,21.2,0.724,16.39
281,10.1016/j.xcrp.2024.102058,Chen Chen et al.,17/07/2024,CsFAMAPbBrI,Cesium Formamidinium Methylammonium Lead Bromoiodide,Pb,Cs; FA; MA,PCBM-60 | BCP,SLG | ITO,DMF; DMSO,SLG | ITO | NiO-np | 2PACz | Perovskite | PCBM-60 | BCP | Ag,690,130,20,1.54,1.07,20.3,0.691,15.02
282,10.1016/j.xcrp.2024.102058,Chen Chen et al.,17/07/2024,CsFAMAPbBrI,Cesium Formamidinium Methylammonium Lead Bromoiodide,Pb,Cs; FA; MA,PCBM-60 | BCP,SLG | ITO,DMF; DMSO,SLG | ITO | NiO-np | 2PACz | Perovskite | PCBM-60 | BCP | Ag,690,130,20,1.54,1.07,20.1,0.713,15.29
283,10.1016/j.xcrp.2024.102058,Chen Chen et al.,17/07/2024,CsFAMAPbBrI,Cesium Formamidinium Methylammonium Lead Bromoiodide,Pb,Cs; FA; MA,PCBM-60 | BCP,SLG | ITO,DMF; DMSO,SLG | ITO | NiO-np | 2PACz | Perovskite | PCBM-60 | BCP | Ag,690,140,20,1.54,1.06,20,0.727,15.46
284,10.1016/j.xcrp.2024.102058,Chen Chen et al.,17/07/2024,CsFAMAPbBrI,Cesium Formamidinium Methylammonium Lead Bromoiodide,Pb,Cs; FA; MA,PCBM-60 | BCP,SLG | ITO,DMF; DMSO,SLG | ITO | NiO-np | 2PACz | Perovskite | PCBM-60 | BCP | Ag,690,140,30,1.54,1.06,19.7,0.736,15.41
285,10.1016/j.xcrp.2024.102058,Chen Chen et al.,17/07/2024,CsFAMAPbBrI,Cesium Formamidinium Methylammonium Lead Bromoiodide,Pb,Cs; FA; MA,PCBM-60 | BCP,SLG | ITO,DMF; DMSO,SLG | ITO | NiO-np | 2PACz | Perovskite | PCBM-60 | BCP | Ag,690,140,30,1.54,1.06,18.8,0.736,14.62
286,10.1016/j.xcrp.2024.102058,Chen Chen et al.,17/07/2024,CsFAMAPbBrI,Cesium Formamidinium Methylammonium Lead Bromoiodide,Pb,Cs; FA; MA,PCBM-60 | BCP,SLG | ITO,DMF; DMSO,SLG | ITO | NiO-np | 2PACz | Perovskite | PCBM-60 | BCP | Ag,690,145,30,1.54,1.05,18.1,0.735,14.02
287,10.1016/j.xcrp.2024.102058,Chen Chen et al.,17/07/2024,CsFAMAPbBrI,Cesium Formamidinium Methylammonium Lead Bromoiodide,Pb,Cs; FA; MA,C60 | BCP,SLG | ITO,DMF; DMSO,SLG | ITO | NiO-np | MeO-2PACz | Perovskite | C60 | BCP | Ag,690,145,30,1.54,1.06,24.389,0.687,17.75
288,10.1016/j.xcrp.2024.102058,Chen Chen et al.,17/07/2024,CsFAMAPbBrI,Cesium Formamidinium Methylammonium Lead Bromoiodide,Pb,Cs; FA; MA,C60 | BCP,SLG | ITO,DMF; DMSO,SLG | ITO | NiO-np | MeO-2PACz | Perovskite | C60 | BCP | Ag,690,145,50,1.54,1.047,24.783,0.748,19.42
289,10.1016/j.xcrp.2024.102058,Chen Chen et al.,17/07/2024,CsFAMAPbBrI,Cesium Formamidinium Methylammonium Lead Bromoiodide,Pb,Cs; FA; MA,C60 | BCP,SLG | ITO,DMF; DMSO,SLG | ITO | NiO-np | MeO-2PACz | Perovskite | C60 | BCP | Ag,690,135,50,1.54,1.039,24.633,0.685,17.53
290,10.1016/j.xcrp.2024.102058,Chen Chen et al.,17/07/2024,CsFAMAPbBrI,Cesium Formamidinium Methylammonium Lead Bromoiodide,Pb,Cs; FA; MA,C60 | BCP,SLG | ITO,DMF; DMSO,SLG | ITO | NiO-np | MeO-2PACz | Perovskite | C60 | BCP | Ag,690,130,50,1.54,1.034,23.731,0.742,18.22
291,10.1016/j.xcrp.2024.102058,Chen Chen et al.,17/07/2024,CsFAMAPbBrI,Cesium Formamidinium Methylammonium Lead Bromoiodide,Pb,Cs; FA; MA,C60 | BCP,SLG | ITO,DMF; DMSO,SLG | ITO | NiO-np | MeO-2PACz | Perovskite | C60 | BCP | Ag,690,130,50,1.54,1.029,22.963,0.703,16.61
292,10.1016/j.xcrp.2024.102058,Chen Chen et al.,17/07/2024,CsFAMAPbBrI,Cesium Formamidinium Methylammonium Lead Bromoiodide,Pb,Cs; FA; MA,C60 | BCP,SLG | ITO,DMF; DMSO,SLG | ITO | NiO-np | MeO-2PACz | Perovskite | C60 | BCP | Ag,690,165,25,1.54,1.02,24.541,0.765,19.16
293,10.1016/j.xcrp.2024.102058,Chen Chen et al.,17/07/2024,CsFAMAPbBrI,Cesium Formamidinium Methylammonium Lead Bromoiodide,Pb,Cs; FA; MA,PAA | C60 | BCP,SLG | ITO,DMF; DMSO,SLG | ITO | NiO-np | MeO-2PACz | Perovskite | PAA | C60 | BCP | Ag,690,165,25,1.54,1.05,24.6,0.782,20.23
294,10.1016/j.xcrp.2024.102058,Chen Chen et al.,17/07/2024,CsFAMAPbBrI,Cesium Formamidinium Methylammonium Lead Bromoiodide,Pb,Cs; FA; MA,PAA | C60 | BCP,SLG | ITO,DMF; DMSO,SLG | ITO | NiO-np | MeO-2PACz | Perovskite | PAA | C60 | BCP | Ag,690,165,25,1.54,1.04,24.8,0.773,19.83
295,10.1016/j.xcrp.2024.102058,Chen Chen et al.,17/07/2024,CsFAMAPbBrI,Cesium Formamidinium Methylammonium Lead Bromoiodide,Pb,Cs; FA; MA,PAA | C60 | BCP,SLG | ITO,DMF; DMSO,SLG | ITO | NiO-np | MeO-2PACz | Perovskite | PAA | C60 | BCP | Ag,690,225,25,1.54,1.05,24.8,0.78,20.34
296,10.1016/j.xcrp.2024.102058,Chen Chen et al.,17/07/2024,CsFAMAPbBrI,Cesium Formamidinium Methylammonium Lead Bromoiodide,Pb,Cs; FA; MA,PAA | C60 | BCP,SLG | ITO,DMF; DMSO,SLG | ITO | NiO-np | MeO-2PACz | Perovskite | PAA | C60 | BCP | Ag,690,210,20,1.54,1.04,25,0.769,19.88
297,10.1016/j.xcrp.2024.102058,Chen Chen et al.,17/07/2024,CsFAMAPbBrI,Cesium Formamidinium Methylammonium Lead Bromoiodide,Pb,Cs; FA; MA,PAA | C60 | BCP,SLG | ITO,DMF; DMSO,SLG | ITO | NiO-np | MeO-2PACz | Perovskite | PAA | C60 | BCP | Ag,690,160,20,1.54,1.034,24.72,0.776,19.82
298,10.1016/j.xcrp.2024.102058,Chen Chen et al.,17/07/2024,CsFAMAPbBrI,Cesium Formamidinium Methylammonium Lead Bromoiodide,Pb,Cs; FA; MA,PAA | C60 | BCP,SLG | ITO,DMF; DMSO,SLG | ITO | NiO-np | MeO-2PACz | Perovskite | PAA | C60 | BCP | Ag,690,125,20,1.54,1.057,25.029,0.771,20.4
299,10.1016/j.xcrp.2024.102058,Chen Chen et al.,17/07/2024,CsFAMAPbBrI,Cesium Formamidinium Methylammonium Lead Bromoiodide,Pb,Cs; FA; MA,PAA | C60 | BCP,SLG | ITO,DMF; DMSO,SLG | ITO | NiO-np | MeO-2PACz | Perovskite | PAA | C60 | BCP | Ag,690,125,20,1.54,1.042,24.988,0.773,20.13
300,10.1016/j.xcrp.2024.102058,Chen Chen et al.,17/07/2024,CsFAMAPbBrI,Cesium Formamidinium Methylammonium Lead Bromoiodide,Pb,Cs; FA; MA,PAA | C60 | BCP,SLG | ITO,DMF; DMSO,SLG | ITO | NiO-np | MeO-2PACz | Perovskite | PAA | C60 | BCP | Ag,690,120,35,1.54,1.038,24.897,0.767,19.82
301,10.1016/j.xcrp.2024.102058,Chen Chen et al.,17/07/2024,CsFAMAPbBrI,Cesium Formamidinium Methylammonium Lead Bromoiodide,Pb,Cs; FA; MA,PAA | C60 | BCP,SLG | ITO,DMF; DMSO,SLG | ITO | NiO-np | MeO-2PACz | Perovskite | PAA | C60 | BCP | Ag,690,145,35,1.54,1.064,24.839,0.781,20.64
302,10.1016/j.xcrp.2024.102058,Chen Chen et al.,17/07/2024,CsFAMAPbBrI,Cesium Formamidinium Methylammonium Lead Bromoiodide,Pb,Cs; FA; MA,PAA | C60 | BCP,SLG | ITO,DMF; DMSO,SLG | ITO | NiO-np | MeO-2PACz | Perovskite | PAA | C60 | BCP | Ag,690,145,35,1.54,1.045,24.623,0.784,20.17
303,10.1016/j.xcrp.2024.102058,Chen Chen et al.,17/07/2024,CsFAMAPbBrI,Cesium Formamidinium Methylammonium Lead Bromoiodide,Pb,Cs; FA; MA,PAA | C60 | BCP,SLG | ITO,DMF; DMSO,SLG | ITO | NiO-np | MeO-2PACz | Perovskite | PAA | C60 | BCP | Ag,690,155,35,1.54,1.034,24.425,0.785,19.84
304,10.1016/j.xcrp.2024.102058,Chen Chen et al.,17/07/2024,CsFAMAPbBrI,Cesium Formamidinium Methylammonium Lead Bromoiodide,Pb,Cs; FA; MA,PAA | C60 | BCP,SLG | ITO,DMF; DMSO,SLG | ITO | NiO-np | MeO-2PACz | Perovskite | PAA | C60 | BCP | Ag,690,150,50,1.54,1.058,25.111,0.784,20.83
305,10.1016/j.xcrp.2024.102058,Chen Chen et al.,17/07/2024,CsFAMAPbBrI,Cesium Formamidinium Methylammonium Lead Bromoiodide,Pb,Cs; FA; MA,PAA | C60 | BCP,SLG | ITO,DMF; DMSO,SLG | ITO | NiO-np | MeO-2PACz | Perovskite | PAA | C60 | BCP | Ag,690,150,50,1.54,1.046,24.819,0.783,20.33
306,10.1016/j.xcrp.2024.102058,Chen Chen et al.,17/07/2024,CsFAMAPbBrI,Cesium Formamidinium Methylammonium Lead Bromoiodide,Pb,Cs; FA; MA,PAA | C60 | BCP,SLG | ITO,DMF; DMSO,SLG | ITO | NiO-np | MeO-2PACz | Perovskite | PAA | C60 | BCP | Ag,690,150,50,1.54,1.038,23.498,0.784,19.11
307,10.1016/j.xcrp.2024.102058,Chen Chen et al.,17/07/2024,CsFAMAPbBrI,Cesium Formamidinium Methylammonium Lead Bromoiodide,Pb,Cs; FA; MA,PAA | C60 | BCP,SLG | ITO,DMF; DMSO,SLG | ITO | NiO-np | MeO-2PACz | Perovskite | PAA | C60 | BCP | Ag,690,150,50,1.54,1.051,24.996,0.778,20.44
308,10.1016/j.xcrp.2024.102058,Chen Chen et al.,17/07/2024,CsFAMAPbBrI,Cesium Formamidinium Methylammonium Lead Bromoiodide,Pb,Cs; FA; MA,PAA | C60 | BCP,SLG | ITO,DMF; DMSO,SLG | ITO | NiO-np | MeO-2PACz | Perovskite | PAA | C60 | BCP | Ag,690,125,20,1.54,1.062,24.368,0.788,20.41
309,10.1016/j.xcrp.2024.102058,Chen Chen et al.,17/07/2024,CsFAMAPbBrI,Cesium Formamidinium Methylammonium Lead Bromoiodide,Pb,Cs; FA; MA,PAA | C60 | BCP,SLG | ITO,DMF; DMSO,SLG | ITO | NiO-np | MeO-2PACz | Perovskite | PAA | C60 | BCP | Ag,690,122,20,1.54,1.047,24.527,0.79,20.3
310,10.1016/j.xcrp.2024.102058,Chen Chen et al.,17/07/2024,CsFAMAPbBrI,Cesium Formamidinium Methylammonium Lead Bromoiodide,Pb,Cs; FA; MA,PAA | C60 | BCP,SLG | ITO,DMF; DMSO,SLG | ITO | NiO-np | MeO-2PACz | Perovskite | PAA | C60 | BCP | Ag,690,120,20,1.54,1.036,24.214,0.789,19.79
311,10.1016/j.xcrp.2024.102058,Chen Chen et al.,17/07/2024,CsFAMAPbBrI,Cesium Formamidinium Methylammonium Lead Bromoiodide,Pb,Cs; FA; MA,PAA | C60 | BCP,SLG | ITO,DMF; DMSO,SLG | ITO | NiO-np | MeO-2PACz | Perovskite | PAA | C60 | BCP | Ag,690,125,20,1.54,1.063,24.283,0.773,19.97
312,10.1016/j.xcrp.2024.102058,Chen Chen et al.,17/07/2024,CsFAMAPbBrI,Cesium Formamidinium Methylammonium Lead Bromoiodide,Pb,Cs; FA; MA,PAA | PCBM-60 | BCP,SLG | ITO,DMF; DMSO,SLG | ITO | NiO-np | MeO-2PACz | Perovskite | PAA | PCBM-60 | BCP | Ag,690,120,25,1.54,1.08,24.1,0.781,20.37
313,10.1016/j.xcrp.2024.102058,Chen Chen et al.,17/07/2024,CsFAMAPbBrI,Cesium Formamidinium Methylammonium Lead Bromoiodide,Pb,Cs; FA; MA,PAA | PCBM-60 | BCP,SLG | ITO,DMF; DMSO,SLG | ITO | NiO-np | MeO-2PACz | Perovskite | PAA | PCBM-60 | BCP | Ag,690,120,25,1.54,1.018,23.333,0.777,19.84
314,10.1016/j.xcrp.2024.102058,Chen Chen et al.,17/07/2024,CsFAMAPbBrI,Cesium Formamidinium Methylammonium Lead Bromoiodide,Pb,Cs; FA; MA,PAA | PCBM-60 | BCP,SLG | ITO,DMF; DMSO,SLG | ITO | NiO-np | MeO-2PACz | Perovskite | PAA | PCBM-60 | BCP | Ag,690,100,25,1.54,1.074,24.317,0.805,21.02
315,10.1016/j.xcrp.2024.102058,Chen Chen et al.,17/07/2024,CsFAMAPbBrI,Cesium Formamidinium Methylammonium Lead Bromoiodide,Pb,Cs; FA; MA,PAA | PCBM-60 | BCP,SLG | ITO,DMF; DMSO,SLG | ITO | NiO-np | MeO-2PACz | Perovskite | PAA | PCBM-60 | BCP | Ag,690,100,25,1.54,1.079,23.273,0.799,20.07
316,10.1016/j.xcrp.2024.102058,Chen Chen et al.,17/07/2024,CsFAMAPbBrI,Cesium Formamidinium Methylammonium Lead Bromoiodide,Pb,Cs; FA; MA,PAA | PCBM-60 | BCP,SLG | ITO,DMF; DMSO,SLG | ITO | NiO-np | MeO-2PACz | Perovskite | PAA | PCBM-60 | BCP | Ag,690,100,30,1.54,1.066,22.821,0.794,19.32
317,10.1016/j.xcrp.2024.102058,Chen Chen et al.,17/07/2024,CsFAMAPbBrI,Cesium Formamidinium Methylammonium Lead Bromoiodide,Pb,Cs; FA; MA,PAA | PCBM-60 | BCP,SLG | ITO,DMF; DMSO,SLG | ITO | NiO-np | MeO-2PACz | Perovskite | PAA | PCBM-60 | BCP | Ag,690,100,30,1.54,1.088,23.997,0.807,20.8
318,10.1016/j.xcrp.2024.102058,Chen Chen et al.,17/07/2024,CsFAMAPbBrI,Cesium Formamidinium Methylammonium Lead Bromoiodide,Pb,Cs; FA; MA,PAA | PCBM-60 | BCP,SLG | ITO,DMF; DMSO,SLG | ITO | NiO-np | MeO-2PACz | Perovskite | PAA | PCBM-60 | BCP | Ag,690,100,30,1.54,1.08,24.065,0.803,20.89
319,10.1016/j.xcrp.2024.102058,Chen Chen et al.,17/07/2024,CsFAMAPbBrI,Cesium Formamidinium Methylammonium Lead Bromoiodide,Pb,Cs; FA; MA,PAA | PCBM-60 | BCP,SLG | ITO,DMF; DMSO,SLG | ITO | NiO-np | MeO-2PACz | Perovskite | PAA | PCBM-60 | BCP | Ag,690,110,30,1.54,1.076,22.229,0.804,19.23
320,10.1016/j.xcrp.2024.102058,Chen Chen et al.,17/07/2024,CsFAMAPbBrI,Cesium Formamidinium Methylammonium Lead Bromoiodide,Pb,Cs; FA; MA,PAA | PCBM-60 | BCP,SLG | ITO,DMF; DMSO,SLG | ITO | NiO-np | MeO-2PACz | Perovskite | PAA | PCBM-60 | BCP | Ag,690,145,25,1.54,1.076,23.258,0.801,20.04
321,10.1016/j.xcrp.2024.102058,Chen Chen et al.,17/07/2024,CsFAMAPbBrI,Cesium Formamidinium Methylammonium Lead Bromoiodide,Pb,Cs; FA; MA,PAA | PCBM-60 | BCP,SLG | ITO,DMF; DMSO,SLG | ITO | NiO-np | MeO-2PACz | Perovskite | PAA | PCBM-60 | BCP | Ag,690,145,25,1.54,1.059,24.229,0.791,20.3
322,10.1016/j.xcrp.2024.102058,Chen Chen et al.,17/07/2024,CsFAMAPbBrI,Cesium Formamidinium Methylammonium Lead Bromoiodide,Pb,Cs; FA; MA,PAA | PCBM-60 | BCP,SLG | ITO,DMF; DMSO,SLG | ITO | NiO-np | MeO-2PACz | Perovskite | PAA | PCBM-60 | BCP | Ag,690,145,25,1.54,1.06,24.254,0.781,20.07
323,10.1016/j.xcrp.2024.102058,Chen Chen et al.,17/07/2024,CsFAMAPbBrI,Cesium Formamidinium Methylammonium Lead Bromoiodide,Pb,Cs; FA; MA,PAA | PCBM-60 | BCP,SLG | ITO,DMF; DMSO,SLG | ITO | NiO-np | MeO-2PACz | Perovskite | PAA | PCBM-60 | BCP | Ag,690,150,25,1.54,1.058,24.347,0.78,20.08
324,10.1016/j.xcrp.2024.102058,Chen Chen et al.,17/07/2024,CsFAMAPbBrI,Cesium Formamidinium Methylammonium Lead Bromoiodide,Pb,Cs; FA; MA,PAA | PCBM-60 | BCP,SLG | ITO,DMF; DMSO,SLG | ITO | NiO-np | MeO-2PACz | Perovskite | PAA | PCBM-60 | BCP | Ag,690,150,50,1.54,1.087,24.337,0.771,20.4
325,10.1016/j.xcrp.2024.102058,Chen Chen et al.,17/07/2024,CsFAMAPbBrI,Cesium Formamidinium Methylammonium Lead Bromoiodide,Pb,Cs; FA; MA,PAA | PCBM-60 | BCP,SLG | ITO,DMF; DMSO,SLG | ITO | NiO-np | MeO-2PACz | Perovskite | PAA | PCBM-60 | BCP | Ag,690,150,50,1.54,1.078,24.104,0.763,19.82
326,10.1016/j.xcrp.2024.102058,Chen Chen et al.,17/07/2024,CsFAMAPbBrI,Cesium Formamidinium Methylammonium Lead Bromoiodide,Pb,Cs; FA; MA,PAA | PCBM-60 | BCP,SLG | ITO,DMF; DMSO,SLG | ITO | NiO-np | MeO-2PACz | Perovskite | PAA | PCBM-60 | BCP | Ag,690,150,50,1.54,1.076,24.224,0.768,20.02
327,10.1016/j.xcrp.2024.102058,Chen Chen et al.,17/07/2024,CsFAMAPbBrI,Cesium Formamidinium Methylammonium Lead Bromoiodide,Pb,Cs; FA; MA,PAA | PCBM-60 | BCP,SLG | ITO,DMF; DMSO,SLG | ITO | NiO-np | MeO-2PACz | Perovskite | PAA | PCBM-60 | BCP | Ag,690,150,30,1.54,1.083,24.29,0.777,20.44
328,10.1016/j.xcrp.2024.102058,Chen Chen et al.,17/07/2024,CsFAMAPbBrI,Cesium Formamidinium Methylammonium Lead Bromoiodide,Pb,Cs; FA; MA,IPA | PCBM-60 | BCP,SLG | ITO,DMF; DMSO,SLG | ITO | NiO-np | MeO-2PACz | Perovskite | PAA | PCBM-60 | BCP | Ag,690,150,50,1.54,1.058,22.135,0.717,16.8
329,10.1016/j.xcrp.2024.102058,Chen Chen et al.,17/07/2024,CsFAMAPbBrI,Cesium Formamidinium Methylammonium Lead Bromoiodide,Pb,Cs; FA; MA,IPA | PCBM-60 | BCP,SLG | ITO,DMF; DMSO,SLG | ITO | NiO-np | MeO-2PACz | Perovskite | PAA | PCBM-60 | BCP | Ag,690,120,50,1.54,1.038,21.483,0.73,16.27
330,10.1016/j.xcrp.2024.102058,Chen Chen et al.,17/07/2024,CsFAMAPbBrI,Cesium Formamidinium Methylammonium Lead Bromoiodide,Pb,Cs; FA; MA,IPA | PCBM-60 | BCP,SLG | ITO,DMF; DMSO,SLG | ITO | NiO-np | MeO-2PACz | Perovskite | PAA | PCBM-60 | BCP | Ag,690,137,50,1.54,1.034,21.727,0.739,16.61
331,10.1016/j.xcrp.2024.102058,Chen Chen et al.,17/07/2024,CsFAMAPbBrI,Cesium Formamidinium Methylammonium Lead Bromoiodide,Pb,Cs; FA; MA,IPA | PCBM-60 | BCP,SLG | ITO,DMF; DMSO,SLG | ITO | NiO-np | MeO-2PACz | Perovskite | PAA | PCBM-60 | BCP | Ag,690,133,50,1.54,1.053,22.883,0.71,17.11
332,10.1016/j.xcrp.2024.102058,Chen Chen et al.,17/07/2024,CsFAMAPbBrI,Cesium Formamidinium Methylammonium Lead Bromoiodide,Pb,Cs; FA; MA,IPA | PCBM-60 | BCP,SLG | ITO,DMF; DMSO,SLG | ITO | NiO-np | MeO-2PACz | Perovskite | PAA | PCBM-60 | BCP | Ag,690,145,35,1.54,1.047,23.174,0.732,17.75
333,10.1016/j.xcrp.2024.102058,Chen Chen et al.,17/07/2024,CsFAMAPbBrI,Cesium Formamidinium Methylammonium Lead Bromoiodide,Pb,Cs; FA; MA,IPA | PCBM-60 | BCP,SLG | ITO,DMF; DMSO,SLG | ITO | NiO-np | MeO-2PACz | Perovskite | PAA | PCBM-60 | BCP | Ag,690,200,35,1.54,1.037,22.547,0.724,16.93
334,10.1016/j.xcrp.2024.102058,Chen Chen et al.,17/07/2024,CsFAMAPbBrI,Cesium Formamidinium Methylammonium Lead Bromoiodide,Pb,Cs; FA; MA,PAA | PCBM-60 | BCP,SLG | ITO,DMF; DMSO,SLG | ITO | NiO-np | MeO-2PACz | Perovskite | PAA | PCBM-60 | BCP | Ag,690,190,35,1.54,1.071,23.777,0.772,19.65
335,10.1016/j.xcrp.2024.102058,Chen Chen et al.,17/07/2024,CsFAMAPbBrI,Cesium Formamidinium Methylammonium Lead Bromoiodide,Pb,Cs; FA; MA,PAA | PCBM-60 | BCP,SLG | ITO,DMF; DMSO,SLG | ITO | NiO-np | MeO-2PACz | Perovskite | PAA | PCBM-60 | BCP | Ag,690,142,35,1.54,1.068,24.044,0.764,19.61
336,10.1016/j.xcrp.2024.102058,Chen Chen et al.,17/07/2024,CsFAMAPbBrI,Cesium Formamidinium Methylammonium Lead Bromoiodide,Pb,Cs; FA; MA,PAA | PCBM-60 | BCP,SLG | ITO,DMF; DMSO,SLG | ITO | NiO-np | MeO-2PACz | Perovskite | PAA | PCBM-60 | BCP | Ag,690,166,20,1.54,1.061,23.087,0.779,19.07
337,10.1016/j.xcrp.2024.102058,Chen Chen et al.,17/07/2024,CsFAMAPbBrI,Cesium Formamidinium Methylammonium Lead Bromoiodide,Pb,Cs; FA; MA,PAA | PCBM-60 | BCP,SLG | ITO,DMF; DMSO,SLG | ITO | NiO-np | MeO-2PACz | Perovskite | PAA | PCBM-60 | BCP | Ag,690,182,20,1.54,1.037,22.547,0.724,16.93
338,10.1016/j.xcrp.2024.102058,Chen Chen et al.,17/07/2024,CsFAMAPbBrI,Cesium Formamidinium Methylammonium Lead Bromoiodide,Pb,Cs; FA; MA,PCBM-60 | BCP,SLG | ITO,DMF; DMSO,SLG | ITO | NiO-np | MeO-2PACz | Perovskite | PCBM-60 | BCP | Ag,690,147,20,1.54,1.018,22.26,0.721,16.34
339,10.1016/j.xcrp.2024.102058,Chen Chen et al.,17/07/2024,CsFAMAPbBrI,Cesium Formamidinium Methylammonium Lead Bromoiodide,Pb,Cs; FA; MA,PCBM-60 | BCP,SLG | ITO,DMF; DMSO,SLG | ITO | NiO-np | MeO-2PACz | Perovskite | PCBM-60 | BCP | Ag,690,144,20,1.54,1.04,24.063,0.704,17.62
340,10.1016/j.xcrp.2024.102058,Chen Chen et al.,17/07/2024,CsFAMAPbBrI,Cesium Formamidinium Methylammonium Lead Bromoiodide,Pb,Cs; FA; MA,PCBM-60 | BCP,SLG | ITO,DMF; DMSO,SLG | ITO | NiO-np | MeO-2PACz | Perovskite | PCBM-60 | BCP | Ag,690,129,45,1.54,0.994,21.573,0.723,15.5
341,10.1016/j.xcrp.2024.102058,Chen Chen et al.,17/07/2024,CsFAMAPbBrI,Cesium Formamidinium Methylammonium Lead Bromoiodide,Pb,Cs; FA; MA,PCBM-60 | BCP,SLG | ITO,DMF; DMSO,SLG | ITO | NiO-np | MeO-2PACz | Perovskite | PCBM-60 | BCP | Ag,690,126,45,1.54,1.062,24.436,0.734,19.05
342,10.1016/j.xcrp.2024.102058,Chen Chen et al.,17/07/2024,CsFAMAPbBrI,Cesium Formamidinium Methylammonium Lead Bromoiodide,Pb,Cs; FA; MA,PCBM-60 | BCP,SLG | ITO,DMF; DMSO,SLG | ITO | NiO-np | MeO-2PACz | Perovskite | PCBM-60 | BCP | Ag,690,145,45,1.54,1.051,22.726,0.735,17.55
343,10.1016/j.xcrp.2024.102058,Chen Chen et al.,17/07/2024,CsFAMAPbBrI,Cesium Formamidinium Methylammonium Lead Bromoiodide,Pb,Cs; FA; MA,PCBM-60 | BCP,SLG | ITO,DMF; DMSO,SLG | ITO | NiO-np | MeO-2PACz | Perovskite | PCBM-60 | BCP | Ag,690,155,45,1.54,1.037,23.823,0.734,18.14
344,10.1016/j.xcrp.2024.102058,Chen Chen et al.,17/07/2024,CsFAMAPbBrI,Cesium Formamidinium Methylammonium Lead Bromoiodide,Pb,Cs; FA; MA,PCBM-60 | BCP,SLG | ITO,DMF; DMSO,SLG | ITO | NiO-np | MeO-2PACz | Perovskite | PCBM-60 | BCP | Ag,690,150,40,1.54,1.027,22.248,0.734,16.77
345,10.1016/j.xcrp.2024.102058,Chen Chen et al.,17/07/2024,CsFAMAPbBrI,Cesium Formamidinium Methylammonium Lead Bromoiodide,Pb,Cs; FA; MA,PCBM-60 | BCP,SLG | ITO,DMF; DMSO,SLG | ITO | NiO-np | MeO-2PACz | Perovskite | PCBM-60 | BCP | Ag,690,150,15,1.54,1.028,21.791,0.739,16.56
346,10.1016/j.xcrp.2024.102058,Chen Chen et al.,17/07/2024,CsFAMAPbBrI,Cesium Formamidinium Methylammonium Lead Bromoiodide,Pb,Cs; FA; MA,PCBM-60 | BCP,SLG | ITO,DMF; DMSO,SLG | ITO | NiO-np | MeO-2PACz | Perovskite | PCBM-60 | BCP | Ag,690,155,40,1.54,1.062,24.27,0.746,18.8
347,10.1016/j.xcrp.2024.102058,Chen Chen et al.,17/07/2024,CsFAMAPbBrI,Cesium Formamidinium Methylammonium Lead Bromoiodide,Pb,Cs; FA; MA,PCBM-60 | BCP,SLG | ITO,DMF; DMSO,SLG | ITO | NiO-np | MeO-2PACz | Perovskite | PCBM-60 | BCP | Ag,690,155,15,1.54,1.008,22.531,0.724,16.45
348,10.1016/j.xcrp.2024.102058,Chen Chen et al.,17/07/2024,CsFAMAPbBrI,Cesium Formamidinium Methylammonium Lead Bromoiodide,Pb,Cs; FA; MA,PCBM-60 | BCP,SLG | ITO,DMF; DMSO,SLG | ITO | NiO-np | MeO-2PACz | Perovskite | PCBM-60 | BCP | Ag,690,150,35,1.54,0.997,21.317,0.725,15.4
349,10.1016/j.xcrp.2024.102058,Chen Chen et al.,17/07/2024,CsFAMAPbBrI,Cesium Formamidinium Methylammonium Lead Bromoiodide,Pb,Cs; FA; MA,PCBM-60 | BCP,SLG | ITO,DMF; DMSO,SLG | ITO | NiO-np | MeO-2PACz | Perovskite | PCBM-60 | BCP | Ag,690,155,30,1.54,1.05,23.005,0.734,17.73
350,10.1016/j.xcrp.2024.102058,Chen Chen et al.,17/07/2024,CsFAMAPbBrI,Cesium Formamidinium Methylammonium Lead Bromoiodide,Pb,Cs; FA; MA,PCBM-60 | BCP,SLG | ITO,DMF; DMSO,SLG | ITO | NiO-np | MeO-2PACz | Perovskite | PCBM-60 | BCP | Ag,690,150,30,1.54,1.04,23.527,0.734,17.97
351,10.1016/j.xcrp.2024.102058,Chen Chen et al.,17/07/2024,CsFAMAPbBrI,Cesium Formamidinium Methylammonium Lead Bromoiodide,Pb,Cs; FA; MA,PCBM-60 | BCP,SLG | ITO,DMF; DMSO,SLG | ITO | NiO-np | MeO-2PACz | Perovskite | PCBM-60 | BCP | Ag,690,155,25,1.54,1.022,21.818,0.729,16.25
352,10.1016/j.xcrp.2024.102058,Chen Chen et al.,17/07/2024,CsFAMAPbBrI,Cesium Formamidinium Methylammonium Lead Bromoiodide,Pb,Cs; FA; MA,PCBM-60 | BCP,SLG | ITO,DMF; DMSO,SLG | ITO | NiO-np | MeO-2PACz | Perovskite | PCBM-60 | BCP | Ag,690,150,25,1.54,1.012,22.751,0.73,16.81
353,10.1016/j.xcrp.2024.102058,Chen Chen et al.,17/07/2024,FAPbI3,Formamidinium Lead Triiodide,Pb,Cs; FA; MA,PCBM-60 | BCP,SLG | ITO,DMF; DMSO,SLG | ITO | NiO-np | MeO-2PACz | Perovskite | PCBM-60 | BCP | Ag,690,76,25,1.54,1.05,24.141,0.695,17.61
354,10.1038/s41467-024-51345-2,Pei et al.,15/8/2024,(GA)CsFAPbIBr3,Guanidinium–Oleylammonium Cesium Formamidinium Lead Iodide–Bromide — (GA)CsFAPbIBr3,Pb,Cs; FA; MA,C60,SLG | ITO,DMF; DMSO,SLG | ITO | SAM(h⁺) | Perovskite | (PEAI:SbCl3) | C60 | BCP | Ag,1000,100,85,1.68,1.234,21.59,0.8122,20.95
355,10.1039/d4sc04819a,Wan et al.,18/9/2024,(PEA)MAPbI3,Phenylethylammonium Methylammonium Lead Iodide — (PEA)MAPbI3,Pb,Cs; FA; MA,TiO2-c,SLG | FTO,DMF; DMSO,SLG | FTO | TiO2-c | TiO2-mp | Perovskite | Spiro-OMeTAD | Au,500,110,85,1.55,1.194,24.63,0.773,22.73
356,10.1016/j.joule.2024.09.001,Soto-Montero et al.,25/09/2024,(OAm)(MAFA)PbI3,"Oleylammonium–(methylammonium/formamidinium) lead iodide — (OAm)(MA,FA)PbI3",Pb,Cs; FA; MA,C60 | BCP,SLG | ITO,PLD,SLG | ITO | 2PACz-SAM | Perovskite (MA/FA) | OAmI (2D pass.) | C60| BCP | Ag,570,85,85,1.58,1.15,21,0.78,19.7
357,10.1016/j.solener.2024.113195,Dipta et al.,17/12/2024,(FAMAPbI2)8Br,Formamidinium–Methylammonium Lead Iodide–Bromide — (FAMAPbI2)8Br,Ag,FA + MA,SnO2,SLG | ITO,DMF; DMSO,SLG | ITO | SnO2 | Perovskite | Spiro-OMeTAD | Ag,550,25,65,1.58,1.07,23.2,0.728,19
358,10.1016/j.solener.2024.113195,Dipta et al.,17/12/2024,(FAMAPbI2)8Br,Formamidinium–Methylammonium Lead Iodide–Bromide — (FAMAPbI2)8Br,Ag,FA + MA,SnO2,SLG | ITO,DMF; DMSO,SLG | ITO | SnO2 | Perovskite | 2D (MABr) | Spiro-OMeTAD | Ag,550,25,65,1.58,1.15,23.1,0.78,20.7
359,10.1016/j.solener.2024.113195,Dipta et al.,17/12/2024,(FAMAPbI2)8Br,Formamidinium–Methylammonium Lead Iodide–Bromide — (FAMAPbI2)8Br,Ag,FA + MA,SnO2,SLG | ITO,DMF; DMSO,SLG | ITO | SnO2 | Perovskite | 2D (PABr) | Spiro-OMeTAD | Ag,550,25,65,1.58,1.12,23.1,0.766,19.9
360,10.1016/j.solener.2024.113195,Dipta et al.,17/12/2024,(FAMAPbI2)8Br,Formamidinium–Methylammonium Lead Iodide–Bromide — (FAMAPbI2)8Br,Ag,FA + MA,SnO2,SLG | ITO,DMF; DMSO,SLG | ITO | SnO2 | Perovskite | 2D (BABr) | Spiro-OMeTAD | Ag,550,25,65,1.58,1.14,23.1,0.773,20.4
361,10.1016/j.solener.2024.113195,Dipta et al.,17/12/2024,(FAMAPbI2)8Br,Formamidinium–Methylammonium Lead Iodide–Bromide — (FAMAPbI2)8Br,Ag,FA + MA,SnO2,SLG | ITO,DMF; DMSO,SLG | ITO | SnO2 | Perovskite | 2D (PeABr) | Spiro-OMeTAD | Ag,550,25,65,1.58,1.15,23.1,0.765,20.3
362,10.1016/j.solener.2024.113195,Dipta et al.,17/12/2024,(FAMAPbI2)8Br,Formamidinium–Methylammonium Lead Iodide–Bromide — (FAMAPbI2)8Br,Ag,FA + MA,SnO2,SLG | ITO,DMF; DMSO,SLG | ITO | SnO2 | Perovskite | 2D (HABr) | Spiro-OMeTAD | Ag,550,25,65,1.58,1.17,23.1,0.791,21.4
363,10.1016/j.solener.2024.113195,Dipta et al.,17/12/2024,(FAMAPbI2)8Br,Formamidinium–Methylammonium Lead Iodide–Bromide — (FAMAPbI2)8Br,Ag,FA + MA,SnO2,SLG | ITO,DMF; DMSO,SLG | ITO | SnO2 | Perovskite | 2D (OABr) | Spiro-OMeTAD | Ag,550,25,65,1.58,1.17,23,0.786,21.1
364,10.1016/j.solener.2024.113195,Dipta et al.,17/12/2024,(FAMAPbI2)8Br,Formamidinium–Methylammonium Lead Iodide–Bromide — (FAMAPbI2)8Br,Ag,FA + MA,SnO2,SLG | ITO,DMF; DMSO,SLG | ITO | SnO2 | Perovskite | 2D (DABr) | Spiro-OMeTAD | Ag,550,25,65,1.58,1.16,22.8,0.768,20.3
365,10.1002/aenm.202500830,Lee et al.,12/04/2025,CsPbI3,Cesium Lead Iodide — (CsPbI₃),Pb,Cs,PCBM | C60 | BCP,SLG|FTO,DMF; IPA; C7H8; C6H5Cl,SLG | FTO | MeO-2PACz | Perovskite (CsPbI₃) | DAO | PCBM | C₆₀ | BCP | Ag,500,190,55,1.69,1.089,19.35,0.8399,17.7
366,10.1016/j.nxmate.2025.100779,Li et al.,13/05/2025,FAPbI3|CsPbBr3,Formamidinium Lead Iodide - FAPbI3,Pb,FA,SnO2,SLG|FTO,DMF;DMSO;CB;IPA;Acetonitrile,FTO| SnO2 | Perovskite | 2D | Spiro-OMeTAD | Au,710,120,25,1.57,1.18,24.45,0.815,23.53
367,https://doi.org/10.1016/j.nxmate.2025.100779 ,Li et al.,31/5/2025,(FAPbI3)(MAPbBr3)PbI2MACl,Formamidinium lead iodide–methylammonium lead bromide mixed perovskite with 2D capping layers (PEAI or OAI) — (FAPbI3)(MAPbBr3)PbI₂MACl,Pb,FA + MA,SnO2,FTO,DMF; DMSO; CB; IPA ,FTO | SnO2 | Perovskite | 2D (PEAI or OAI) | Spiro-OMeTAD | Au,780,170,25,1.59,1.18,24.45,0.815,23.53
368,https://doi.org/10.1016/j.nxmate.2025.100779,Li et al.,31/5/2025,(FAPbI3)(MAPbBr3)PbI2MACl,Formamidinium lead iodide–methylammonium lead bromide mixed perovskite with 2D capping layers (PEAI or OAI) — (FAPbI3)(MAPbBr3)PbI₂MACl,Pb,FA + MA,SnO2,FTO,DMF; DMSO; CB; IPA ,FTO | SnO2 | Perovskite | 2D (PEAI or OAI) | Spiro-OMeTAD | Au,800,120,25,1.57,1.18,24.45,0.815,23.53
369,https://doi.org/10.1016/j.nxmate.2025.100779,Li et al.,31/5/2025,(FAPbI3)(MAPbBr3)PbI2MACl,Formamidinium lead iodide–methylammonium lead bromide mixed perovskite with 2D capping layers (PEAI or OAI) — (FAPbI3)(MAPbBr3)PbI₂MACl,Pb,FA + MA,SnO2,FTO,DMF; DMSO; CB; IPA ,FTO | SnO2 | Perovskite | 2D (PEAI or OAI) | Spiro-OMeTAD | Au,800,120,25,1.57,1.17,24.1,0.81,23.1
370,https://doi.org/10.1016/j.nxmate.2025.100779,Li et al.,31/5/2025,(FAPbI3)(MAPbBr3)PbI2MACl,Formamidinium lead iodide–methylammonium lead bromide mixed perovskite with 2D capping layers (PEAI or OAI) — (FAPbI3)(MAPbBr3)PbI₂MACl,Pb,FA + MA,SnO2,FTO,DMF; DMSO; CB; IPA ,FTO | SnO2 | Perovskite | 2D (PEAI or OAI) | Spiro-OMeTAD | Au,810,120,25,1.57,1.16,23.9,0.798,22
371,https://doi.org/10.1016/j.nxmate.2025.100779,Li et al.,31/5/2025,(FAPbI3)(MAPbBr3)PbI2MACl,Formamidinium lead iodide–methylammonium lead bromide mixed perovskite with 2D capping layers (PEAI or OAI) — (FAPbI3)(MAPbBr3)PbI₂MACl,Pb,FA + MA,SnO2,FTO,DMF; DMSO; CB; IPA ,FTO | SnO2 | Perovskite | 2D (PEAI or OAI) | Spiro-OMeTAD | Au,810,120,25,1.57,1.15,23.6,0.795,21.6
372,https://doi.org/10.1016/j.nxmate.2025.100779,Li et al.,31/5/2025,(FAPbI3)(MAPbBr3)PbI2MACl,Formamidinium lead iodide–methylammonium lead bromide mixed perovskite with 2D capping layers (PEAI or OAI) — (FAPbI3)(MAPbBr3)PbI₂MACl,Pb,FA + MA,SnO2,FTO,DMF; DMSO; CB; IPA ,FTO | SnO2 | Perovskite | 2D (PEAI or OAI) | Spiro-OMeTAD | Au,740,120,25,1.57,1.1,22.9,0.754,21
373,10.1016/j.ecmx.2025.101178,Akshaiya et al.,17/06/2025,PEA2MA4PB5I16,Phenethylammonium Tetramethylammonium Pentalead Hexadeca-Iodide - PEA2MA4Pb5I16,Pb,(PEA);MA,PCBM-60 | Bphen,SLG | ITO,DMF; Ethanol; Chlorobenzene,ITO | HTL | Q-2D-RP Perovskite | PCBM | BCP | Ag,379,126,50,1.61,1.19,17.5,0.8,15.07
374,https://doi.org/10.1016/j.nanoen.2025.111279,Araujo et al.,25/6/2025,CsFAMAPb(IBr)3,"Cesium-doped formamidinium-methylammonium lead iodide-bromide mixed halide perovskite with PEAI + 1,8-DIO 2D overlayer — CsFAMAPb(IBr)3",Pb,Cs + FA + MA,TiO2,FTO,DMF; DMSO; CB; IPA ,FTO | c-TiO2:G | m-TiO2:G | Perovskite | PEAI:DIO | Spiro-OMeTAD | Au,617,100,58,1.63,1.13,22.4,0.8,20.25
375,https://doi.org/10.1016/j.nanoen.2025.111279,Araujo et al.,25/6/2025,CsFAMAPb(IBr)3,Cesium-doped formamidinium-methylammonium lead iodide-bromide mixed halide perovskite with PEAI — CsFAMAPb(IBr)3,Pb,Cs + FA + MA,TiO2 | G,FTO,DMF; DMSO; CB; IPA ,FTO | c-TiO2:G | m-TiO2:G | Perovskite | PEAI:DIO | Spiro-OMeTAD | Au,617,100,55,1.63,1.07,21.81,0.791,18.45
376,https://doi.org/10.1016/j.nanoen.2025.111279,Araujo et al.,25/6/2025,CsFAMAPb(IBr)3,Cesium-doped formamidinium-methylammonium lead iodide-bromide mixed halide perovskite with PEAI + 1-DIO 2D overlayer — CsFAMAPb(IBr)3,Pb,Cs + FA + MA,TiO2 | G,FTO,DMF; DMSO; CB; IPA ,FTO | c-TiO2:G | m-TiO2:G | Perovskite | PEAI:DIO | Spiro-OMeTAD | Au,617,100,55,1.63,1.11,21.96,0.78,19.15
377,https://doi.org/10.1016/j.nanoen.2025.111279,Araujo et al.,25/6/2025,CsFAMAPb(IBr)3,Cesium-doped formamidinium-methylammonium lead iodide-bromide mixed halide perovskite with PEAI + 5-DIO 2D overlayer — CsFAMAPb(IBr)3,Pb,Cs + FA + MA,TiO2 | G,FTO,DMF; DMSO; CB; IPA ,FTO | c-TiO2:G | m-TiO2:G | Perovskite | PEAI:DIO | Spiro-OMeTAD | Au,617,100,55,1.63,1.13,21.97,0.781,19.48
378,10.1016/j.nanoen.2025.111279,Lopes de Araujo et al.,25/06/2025,PEA2PbI4,Phenethylammonium Lead Iodide - PEA2PbI4,Pb,PEA;Cs;FA;MA,TiO2,SLG|FTO,DMF; DMSO; ACN; CB; IPA; EtOH,FTO | c-TiO2 | meso-TiO2 | CsFAMA | PEAI | Spiro-OMeTAD | Au,500,280,30,1.71,1.13,22.4,0.8,34
379,https://dx.doi.org/10.2139/ssrn.5589797,Khambunkoed et al.,11/10/2025,CsMAFASb2ICl(PEA),Phenylethylammonium–Cesium–Methylammonium–Formamidinium Antimony Iodide–Chloride Perovskite — CsMAFASb2ICl(PEA),Sb,Cs + FA + MA + PEA,C60 | PCBM,ITO,DMF; IPA,ITO | MeO-2PACz | Perovskite | PC71BM | BCP | Ag,250,130,50,2.13,0.86,2.43,0.6842,1.55
380,https://dx.doi.org/10.2139/ssrn.5589797,Khambunkoed et al.,11/10/2025,CsMAFASb2ICl(PEA0.03),Phenylethylammonium–Cesium–Methylammonium–Formamidinium Antimony Iodide–Chloride Perovskite — CsMAFASb2ICl(PEA),Sb,Cs + FA + MA + PEA,C60 | PCBM,ITO,DMF; IPA,ITO | MeO-2PACz | Perovskite | PC71BM | BCP | Ag,250,130,50,2.13,0.83,2.63,0.6591,1.53
381,https://dx.doi.org/10.2139/ssrn.5589797,Khambunkoed et al.,11/10/2025,CsMAFASb2ICl(PEA0.05),Phenylethylammonium–Cesium–Methylammonium–Formamidinium Antimony Iodide–Chloride Perovskite — CsMAFASb2ICl(PEA),Sb,Cs + FA + MA + PEA,C60 | PCBM,ITO,DMF; IPA,ITO | MeO-2PACz | Perovskite | PC71BM | BCP | Ag,250,130,50,2.13,0.84,2.71,0.6581,1.59
382,https://dx.doi.org/10.2139/ssrn.5589797,Khambunkoed et al.,11/10/2025,CsMAFASb2ICl(PEA0.07),Phenylethylammonium–Cesium–Methylammonium–Formamidinium Antimony Iodide–Chloride Perovskite — CsMAFASb2ICl(PEA),Sb,Cs + FA + MA + PEA,C60 | PCBM,ITO,DMF; IPA,ITO | MeO-2PACz | Perovskite | PC71BM | BCP | Ag,250,130,50,2.13,0.87,2.81,0.6874,1.71
383,https://dx.doi.org/10.2139/ssrn.5589797,Khambunkoed et al.,11/10/2025,CsMAFASb2ICl(PEA0.10),Phenylethylammonium–Cesium–Methylammonium–Formamidinium Antimony Iodide–Chloride Perovskite — CsMAFASb2ICl(PEA),Sb,Cs + FA + MA + PEA,C60 | PCBM,ITO,DMF; IPA,ITO | MeO-2PACz | Perovskite | PC71BM | BCP | Ag,250,130,50,2.13,0.83,2.73,0.6417,1.53
384,https://dx.doi.org/10.2139/ssrn.5604791,Rahman et al.,14/10/2025,Cs(FAMA)Pb(IBr)3,Cesium–Formamidinium–Methylammonium Lead Iodide–Bromide — Cs(FAMA)Pb(IBr)3,Pb,Cs + FA + MA,SnO2,SLG | FTO,DMF; DMSO,SLG | FTO | SnO2 | Perovskite | Spiro-OMeTAD | Au,600,25,50,1.59,1.08,22.9,0.776,19.2
385,https://dx.doi.org/10.2139/ssrn.5604791,Rahman et al.,14/10/2025,Cs(FAMA)Pb(IBr)3,Cesium–Formamidinium–Methylammonium Lead Iodide–Bromide — Cs(FAMA)Pb(IBr)3,Pb,Cs + FA + MA,SnO2,SLG | FTO,DMF; DMSO,SLG | FTO | SnO2 | Perovskite | PEAI | Spiro-OMeTAD | Au,600,25,50,1.59,1.13,23.2,0.798,20.9
386,,,,,,,,,,,,,,,,,,,
387,,,,,,,,,,,,,,,,,,,
388,,,,,,,,,,,,,,,,,,,
389,,,,,,,,,,,,,,,,,,,
390,,,,,,,,,,,,,,,,,,,
391,,,,,,,,,,,,,,,,,,,
392,,,,,,,,,,,,,,,,,,,
393,,,,,,,,,,,,,,,,,,,
394,,,,,,,,,,,,,,,,,,,
395,,,,,,,,,,,,,,,,,,,
396,,,,,,,,,,,,,,,,,,,
397,,,,,,,,,,,,,,,,,,,
398,,,,,,,,,,,,,,,,,,,
399,,,,,,,,,,,,,,,,,,,
400,,,,,,,,,,,,,,,,,,,